med_inc_estimate,med_age_estimate,perc_poverty_estimate,renters_to_owners,perc_ethnic,counts
115064,40.7,14.1,0.6608391608391608,69.75359342915812,2
100553,36.3,6.0,0.63875088715401,69.68195620904586,4
41362,43.9,15.0,3.856828193832599,62.89460903351141,2
49500,32.4,28.6,inf,48.4181568088033,1
67375,35.2,32.3,5.591549295774648,77.376526818906,2
19743,32.4,47.3,inf,57.24381625441697,1
27378,32.8,44.5,18.247524752475247,72.31478199220135,13
21427,32.9,55.2,49.391304347826086,62.75862068965517,1
29206,30.4,44.0,38.23076923076923,67.96,6
64308,43.3,2.5,9.771186440677965,33.78585086042065,4
41370,30.3,22.7,6.870229007633588,61.821023837436506,3
24122,31.3,52.8,6.530864197530864,63.07951671817926,2
34185,30.0,26.8,24.482758620689655,59.015132085150036,4
20640,34.4,33.5,27.072289156626507,94.4435522723623,9
27328,33.4,41.9,12.282608695652174,58.83335865107093,5
52423,30.6,19.6,7.543859649122807,55.0311774055508,2
34890,32.7,27.3,6.476351351351352,69.04211835791718,10
17319,33.2,48.7,23.76923076923077,61.99912891986064,2
17083,34.2,60.5,4.793103448275862,68.29268292682926,1
34436,29.4,30.2,12.47787610619469,78.36188688101385,2
34087,30.4,49.0,7.196428571428571,66.76889375684556,2
36598,29.7,40.7,12.170068027210885,74.17259511289825,6
22850,28.6,50.1,14.42483660130719,47.119531731361675,4
29657,32.2,37.9,8.213483146067416,62.76540652511652,1
26437,23.1,49.9,inf,42.08960773377951,3
48750,30.5,27.3,6.483193277310924,72.54593175853019,5
39572,36.0,34.9,5.311258278145695,80.96062310688013,3
48456,37.0,30.9,2.0714285714285716,71.03471749489448,1
30236,29.7,37.6,50.89795918367347,66.86504745053885,6
55396,38.4,26.9,3.506849315068493,60.85543199315655,14
24730,32.1,42.5,3.9392857142857145,64.89307535641548,2
22985,28.8,53.5,16.256,62.3778212191221,14
17390,31.4,53.0,24.106796116504853,71.18193891102258,9
29844,31.2,34.4,4.530487804878049,83.39350180505414,2
29627,32.4,38.3,19.934782608695652,71.53694858106209,5
57905,35.9,29.4,2.0736342042755345,76.40217110364435,4
44792,34.6,17.6,1.5685071574642127,67.79247910863509,1
63449,36.6,16.3,1.85146804835924,83.85686528497409,6
28166,28.5,35.0,10.541353383458647,68.31683168316832,3
34484,33.0,32.7,4.373033707865169,65.63718140929535,6
53784,36.2,16.4,3.5784313725490198,72.57780387551381,7
48846,29.0,22.0,3.1605839416058394,66.2511542012927,3
61328,33.8,22.8,2.3604852686308493,75.8051594295786,6
34604,28.6,31.6,inf,65.32599491955969,7
50920,34.0,17.4,3.516569200779727,74.90859232175502,8
34543,37.2,35.8,3.570212765957447,68.69126348764358,10
36402,31.2,42.4,38.39622641509434,73.17657630672458,6
41484,45.3,18.5,11.442307692307692,84.10003087372647,3
33831,34.1,36.8,4.028225806451613,65.68255687973999,6
56208,33.9,22.0,2.8426501035196687,85.28276556469207,10
47185,31.9,26.5,9.970760233918128,71.47651006711409,6
53333,38.9,19.5,2.859030837004405,80.83941605839416,2
56128,48.4,18.4,1.240766073871409,79.27889713679745,3
28592,33.2,42.4,7.317919075144508,64.002828854314,5
33967,27.3,34.0,12.694444444444445,67.06428098078197,3
109396,26.2,10.8,0.58,94.34287685408762,1
34335,24.8,29.7,16.05263157894737,65.0592628673486,8
55000,34.6,29.6,4.073891625615763,68.02342606149341,3
43472,36.0,23.2,57.0,63.275991024682135,4
47402,35.3,12.5,8.037234042553191,45.81892166836216,4
51875,30.9,30.6,3.2646153846153845,79.45409429280397,4
44667,30.8,29.0,2.7864077669902914,76.99186991869918,2
40575,31.7,35.8,19.702380952380953,78.91753519839094,9
59083,39.8,27.2,0.9692982456140351,96.43423137876387,1
104651,39.3,9.9,0.6059479553903345,74.68616360877363,5
34055,37.2,21.2,11.02116402116402,63.431599867505795,2
27602,36.5,43.4,14.24742268041237,47.519999999999996,3
84042,43.0,12.7,0.5272496831432193,80.46480296396092,1
35506,33.1,27.3,14.32972972972973,62.147763914201605,6
16678,36.9,41.6,inf,52.944606413994165,1
29213,30.7,30.0,6.133136094674557,57.92419638573485,1
27352,33.7,49.6,66.16666666666667,32.43579766536965,3
21196,26.3,41.6,76.36,53.822629969418955,1
41311,31.2,37.3,4.13840830449827,64.9176327028676,3
28618,42.6,41.8,4.3538461538461535,43.67100913863504,9
77238,37.2,13.5,1.01840490797546,85.10877719429857,3
38862,31.4,26.0,10.237179487179487,47.44051910598414,1
37168,38.4,23.1,17.147540983606557,60.142711518858306,6
39776,32.6,36.7,16.605042016806724,53.061594202898554,1
70357,41.8,25.5,1.6,94.79808350444901,1
24485,36.2,37.4,7.235849056603773,83.49864743011722,1
96838,44.9,7.6,0.5228891149542217,95.38816295157571,1
22286,41.8,39.4,176.9090909090909,67.46102449888642,6
115278,38.5,6.1,0.7152542372881356,90.14238773274917,2
66912,42.6,26.1,0.9433962264150944,91.64237123420797,1
46179,32.3,23.9,inf,38.27160493827161,2
105764,39.6,14.5,1.1588541666666667,85.85022755482002,3
41500,32.3,40.0,16.692307692307693,47.76326757432621,3
50107,31.5,41.7,7.173913043478261,50.36958817317846,3
17446,36.0,48.1,16.374045801526716,47.79285602870067,4
26463,33.9,30.4,inf,44.980379332897314,7
30375,39.5,50.5,17.56756756756757,39.66504133983464,6
47963,32.7,32.5,5.276515151515151,40.784671532846716,8
47035,36.5,22.6,11.676691729323307,70.05494505494505,3
41475,29.2,24.7,inf,47.012578616352194,2
33950,36.7,29.1,52.170731707317074,57.656335961855866,3
56508,45.4,14.7,3.5610859728506785,66.36655948553054,3
72540,35.9,11.6,14.368421052631579,55.516304347826086,1
117819,34.9,9.0,1.3294701986754967,96.84210526315789,5
50177,34.1,32.6,inf,39.34602946460654,5
21635,32.3,45.3,42.75,57.07950585999366,3
45770,28.7,34.6,39.23943661971831,59.57446808510638,7
38663,34.8,25.2,40.55172413793103,49.40165177818978,5
70185,41.7,20.2,0.9259259259259259,82.46376811594203,2
33412,33.9,47.9,21.26890756302521,48.01903961920762,7
34871,32.2,50.7,inf,76.1941251596424,7
35139,38.2,33.8,14.480952380952381,60.125400213447165,6
46021,33.4,23.8,4.522222222222222,89.26038500506586,11
37433,34.1,41.1,inf,61.50465356773527,4
53651,39.3,22.1,4.197860962566845,87.85880527540729,4
59138,30.6,17.8,4.653846153846154,86.78618857901726,1
28510,36.8,27.7,5.591194968553459,59.270633397312864,1
55648,39.9,31.8,2.378839590443686,88.6867088607595,2
44769,34.2,23.0,58.54545454545455,54.57160468461064,4
46269,36.6,30.3,5.047538200339559,43.153894870170994,3
71397,32.3,22.9,4.582456140350877,59.40694006309148,1
42077,31.2,26.9,8.935323383084578,62.587747287811105,1
66329,42.1,18.1,2.9965156794425085,64.1608040201005,3
34470,29.3,19.9,2.899159663865546,66.51549508692366,1
23639,41.6,51.3,24.58888888888889,51.185471666386405,3
39756,32.7,40.2,14.11111111111111,80.2357984994641,3
19904,28.7,43.3,12.736196319018404,71.571714858288,6
45156,29.8,22.9,6.247747747747748,75.68423433612304,4
60286,36.6,18.3,2.706436420722135,70.27736747086821,4
40394,35.9,34.7,49.885714285714286,58.946192515360266,5
55804,40.2,29.9,3.3784860557768925,78.59864170945833,5
45906,38.4,24.6,inf,78.71443624868282,5
32174,26.9,50.4,7.333333333333333,73.20261437908498,6
55078,29.8,36.1,inf,77.80289330922243,2
50051,28.9,28.8,inf,84.90965326387759,5
52734,32.9,27.3,4.610526315789474,91.47914791479148,3
33646,29.9,28.3,inf,83.40370846337434,5
63571,36.5,10.7,5.438709677419355,82.27272727272728,3
88534,34.0,11.2,5.30939226519337,78.08539026017345,5
66121,35.9,12.2,2.8974358974358974,77.22627737226277,2
52834,31.1,27.7,21.735294117647058,75.38766083800725,7
31500,33.9,31.8,50.48717948717949,54.347826086956516,6
27165,31.7,51.3,16.46875,79.57211870255348,4
86549,37.6,12.9,9.038135593220339,72.10609520463727,4
50023,33.5,31.6,30.59375,46.761800219538976,2
51964,32.8,32.6,3.6047430830039526,71.35104255926879,5
55625,31.7,28.7,3.9663461538461537,83.37540569780022,2
55179,34.1,28.5,7.895833333333333,43.164179104477604,4
55288,32.6,25.7,2.611353711790393,90.32800672834314,2
31887,38.5,31.3,9.929936305732484,60.413080895008605,2
39419,35.3,33.1,94.07692307692308,74.86338797814207,2
49286,30.0,22.8,9.19108280254777,65.97081930415264,4
73152,31.6,10.4,8.03225806451613,86.93115519253209,7
53304,32.9,36.9,19.4375,61.67820069204153,4
21551,30.5,50.1,81.22727272727273,68.41196777905638,9
34875,32.5,42.8,inf,77.30666666666667,5
72198,32.4,12.5,1.855513307984791,90.08088548318433,4
46927,29.7,29.4,inf,65.09731434163314,9
76250,32.8,18.6,1.0149253731343284,70.68852459016394,4
45425,33.6,22.4,inf,66.25984860188476,11
29747,35.5,30.5,996.0,77.57803239826156,5
58603,38.5,11.2,1.7484076433121019,94.01144870101277,4
43504,35.6,25.9,23.419354838709676,64.49229470128773,2
33333,30.8,28.1,33.97142857142857,64.96525921966862,3
64961,39.9,10.4,3.3563218390804597,85.0400987045034,2
98700,41.6,7.2,0.9417879417879418,91.5086887835703,2
44845,41.5,27.0,4.004395604395604,78.23057112558703,6
85192,34.1,11.5,2.3308823529411766,93.7029702970297,3
49906,30.9,21.2,47.333333333333336,76.73761223811107,11
78500,43.1,15.5,0.828978622327791,98.15184815184816,2
39231,33.5,28.6,41.31578947368421,78.88659793814433,3
51053,36.2,9.1,3.9206349206349205,92.27774172615185,1
37361,35.3,25.8,16.822580645161292,85.00869061413673,7
70463,34.6,12.7,1.5241379310344827,90.91507570770243,1
57900,34.1,20.8,28.384615384615383,88.52209944751381,6
47778,35.4,26.5,4.288,95.20897043832824,6
46069,45.0,20.3,6.798722044728435,86.06106580694102,11
49167,31.9,22.9,38.5,78.0011013215859,5
54396,39.0,24.7,7.863636363636363,71.39001349527665,3
89925,43.4,3.9,0.2894930198383541,97.28238659583162,2
29939,37.3,32.3,27.26984126984127,86.87362503055488,3
57129,35.7,16.3,3.1778425655976674,78.53307138179437,2
70543,40.7,10.9,2.2363636363636363,91.93147278253662,5
87917,56.8,5.8,0.864,94.63157894736842,2
86757,40.8,16.4,0.9169811320754717,91.63074712643679,1
53138,35.9,29.8,3.6132075471698113,90.03083247687564,11
121250,47.5,8.4,0.5197174808711007,88.67579908675799,2
95435,44.2,15.8,0.8570151921358355,88.97808635278803,4
55486,34.6,11.1,4.122093023255814,91.15614923998157,2
97132,52.8,3.1,0.7148253068932956,88.97949098097357,1
90307,39.0,15.3,1.618490967056323,89.55535660996718,6
59107,47.5,9.7,1.5496489468405215,25.604578179804317,3
118529,34.1,4.0,0.6790830945558739,78.98591549295774,2
96678,60.0,5.8,0.5596007046388726,91.4684704342134,3
40239,41.2,29.4,6.090395480225989,77.4183112261404,2
104870,44.9,10.1,1.2222222222222223,83.97014925373134,5
46648,35.3,23.4,6.53125,81.46390207344491,2
44785,37.0,22.4,8.029045643153527,72.81167108753316,9
37898,44.7,26.7,4.150537634408602,91.5793635105752,2
42114,50.9,19.3,3.7947214076246336,77.42903930131004,3
27674,37.4,43.7,47.95454545454545,53.74625374625375,4
144886,51.5,4.3,0.3500717360114778,96.69260700389106,5
68330,28.9,18.9,4.064516129032258,61.98054818744474,3
69960,31.0,25.7,24.08695652173913,65.22689994532531,2
64727,33.0,15.5,3.388095238095238,60.43010752688171,4
67809,34.3,12.5,1.6322314049586777,41.06162294081758,1
87950,40.4,2.5,0.9701986754966887,93.27777777777779,2
73438,39.0,29.8,0.672,39.237330657300554,1
118583,44.6,11.9,0.8298397040690506,89.38679245283019,1
47593,34.6,26.3,1.8092016238159676,50.60709082078678,4
69178,38.6,6.5,1.0798816568047338,30.243669374104154,5
110513,29.9,9.3,1.368141592920354,90.74556830031283,1
98523,33.9,9.1,0.6127450980392157,18.587699316628704,1
85804,40.5,12.7,0.5456100342075256,29.72625626526153,3
24823,30.9,51.9,16.53731343283582,70.36247334754798,2
96250,48.8,5.2,0.3884057971014493,42.632241813602015,2
24728,31.3,51.9,143.26666666666668,59.52045133991537,1
26524,35.3,42.5,14.477124183006536,59.021360399939404,7
62188,40.4,7.1,0.7583333333333333,8.879067898754522,4
41287,31.8,30.5,42.96875,43.68446139180172,4
31729,29.7,39.3,20.694444444444443,62.92307692307693,2
25469,31.1,41.9,8.49367088607595,64.58742632612966,2
15000,27.2,55.9,16.48936170212766,48.35348061692372,2
82039,35.1,15.5,0.733502538071066,27.027027027027028,3
21250,37.3,27.8,10.096153846153847,48.91436935838009,4
68030,36.7,13.9,2.149812734082397,56.40459363957597,1
50232,27.0,32.3,8.458715596330276,50.70268582136165,4
36398,32.6,29.3,5.107438016528926,56.371608659906826,6
29330,30.6,34.1,1393.0,57.440633245382585,6
69345,42.4,21.4,1.8202247191011236,60.79881656804733,1
43333,34.1,19.8,5.451977401129944,47.18945176960444,2
35431,29.1,41.0,22.536585365853657,31.36178224035143,4
41942,36.5,39.9,1.9845916795069338,36.538017101918186,10
36722,32.3,37.9,51.38,54.51334379905808,8
73077,37.3,18.2,0.8317399617590823,28.864188954498093,2
47394,31.1,24.7,52.483870967741936,78.35010060362173,4
26837,26.2,33.7,37.935483870967744,52.92225201072386,1
20625,28.5,50.4,14.153846153846153,57.998129092609915,3
24605,25.8,59.5,26.555555555555557,64.6917237548602,12
62340,38.4,22.0,2.1302931596091206,22.531276569901614,2
42174,27.6,36.6,32.674418604651166,83.65254923118425,4
42574,27.8,39.8,66.92592592592592,88.19852941176471,13
59758,41.5,14.2,4.816216216216216,37.75821198780901,2
31769,35.4,30.8,16.876543209876544,88.43745651871434,13
31107,31.2,26.2,28.41747572815534,61.32749481447338,6
62712,34.8,27.9,5.822314049586777,46.97593756774333,2
23194,31.9,41.1,11.874074074074073,61.47487491842506,5
41547,36.6,20.2,3.3421052631578947,39.5243757431629,5
35493,20.1,34.6,32.76923076923077,92.54839565102095,4
39524,31.6,24.7,inf,84.39453125,4
50534,30.5,20.6,91.42105263157895,85.61460010735374,10
26406,33.0,38.3,190.1818181818182,81.34061777684387,4
40938,33.1,38.0,94.23529411764706,91.40418614102825,2
39023,31.8,25.3,11.120689655172415,83.66348170589606,2
33218,29.6,33.5,66.6842105263158,85.60807222517259,5
83333,36.4,5.0,0.823240589198036,25.407854984894264,6
42037,36.3,35.6,27.254901960784313,89.3995552260934,5
39486,31.9,29.5,18.816,72.45827010622155,4
48157,32.8,18.1,1.9933628318584071,28.514588859416445,5
50068,36.0,30.4,208.66666666666666,81.34206219312603,4
34724,35.5,20.1,39.59154929577465,80.1163780868578,8
35476,29.8,22.8,6.660377358490566,48.583656001630324,1
58466,43.9,5.2,3.0,33.8150289017341,1
42484,40.3,18.7,11.634782608695652,83.15565031982942,3
62386,31.5,22.3,7.979411764705882,90.0874635568513,7
63603,43.3,8.9,1.747787610619469,43.804213135068146,5
42188,38.7,24.3,8.699186991869919,84.16562999822285,1
58090,34.0,16.0,2.9290123456790123,53.34701205437291,3
49667,35.2,30.4,54.708333333333336,80.82278481012658,3
32672,36.7,43.1,30.88235294117647,50.2729754322111,5
52714,29.4,26.3,12.557046979865772,88.8454011741683,7
72091,43.7,7.3,1.1315315315315315,28.111888111888117,5
63723,31.9,22.7,40.18181818181818,82.47244434838989,7
97083,31.9,8.4,0.6765327695560254,29.753914988814323,1
42839,35.4,21.1,30.661971830985916,91.47707979626486,6
87763,45.7,9.7,0.5604075691411936,30.055523085914672,2
104205,50.7,13.9,0.29381443298969073,32.770605759682226,1
41658,33.6,30.4,32.67567567567568,84.0223097112861,1
48162,40.4,17.5,14.74074074074074,65.89166460549097,3
39792,39.3,35.3,79.8695652173913,74.34564359985659,8
38569,38.9,29.2,7.6231884057971016,70.01323918799646,5
71849,41.4,25.0,1.4854700854700855,44.70349721236695,7
60536,39.4,21.6,1.108761329305136,36.96456901110523,1
40089,41.1,38.8,1.0307941653160453,23.156827970610593,1
98007,39.1,5.5,0.9533169533169533,92.34159779614325,1
88264,32.4,12.8,2.1637010676156585,95.1537744641193,4
73021,47.9,0.7,3.3095238095238093,96.3659961064244,1
93510,37.4,4.0,0.8370672097759674,93.5865811544154,1
41371,50.4,13.8,1.5623003194888179,35.35171347590828,1
46401,62.2,9.4,1.2605633802816902,46.92820133234641,3
69637,43.4,13.3,0.781651376146789,31.49452855643832,2
88817,39.8,11.1,1.0950226244343892,21.15630129491155,4
31801,26.6,42.6,4.528735632183908,27.124446234393872,5
82451,37.9,5.3,1.2190305206463197,18.427260812581913,4
129109,49.4,4.2,0.5098634294385432,98.46225535880708,3
165188,44.3,4.6,0.7227788911155645,82.68998793727383,2
78942,36.4,26.2,3.4125,96.41025641025641,1
140795,36.1,6.4,0.8031865042174321,95.0586642599278,2
169313,36.9,4.3,1.2744186046511627,97.72891131939437,3
180515,36.4,6.1,1.4252275682704811,96.75727229375298,4
218500,34.9,1.8,2.646153846153846,95.58398679323153,6
166250,31.6,8.6,8.172043010752688,89.08857509627728,4
148542,44.9,10.6,0.2818574514038877,93.51598173515981,1
94323,30.4,15.9,9.031674208144796,68.67088607594937,1
130471,30.8,20.0,5.139186295503212,86.07879924953096,3
77969,29.3,12.2,3.8072289156626504,97.47235387045814,1
40708,36.4,25.6,1.7971274685816876,94.93371212121212,5
22943,31.6,47.0,61.69565217391305,50.90588827377957,1
122861,44.4,5.3,0.7995226730310262,98.90678941311852,1
125778,32.0,14.1,7.899280575539568,70.78353253652058,6
103971,43.3,4.6,0.8359788359788359,98.06505888951206,1
142813,37.5,10.2,3.4396887159533076,76.16226071103009,3
169709,32.7,8.6,5.150537634408602,91.01591187270502,6
136307,35.4,15.1,2.367088607594937,93.53943717796275,8
214275,33.1,10.9,1.9790697674418605,91.46589259796806,2
162500,33.9,10.7,3.0301075268817206,89.89690721649485,4
165714,38.3,4.9,1.56,88.92753623188405,4
160694,41.0,10.0,1.5362997658079625,88.55230715040507,1
167650,36.3,6.2,0.9223826714801444,97.89059706828745,3
166302,43.2,8.4,1.6332378223495703,81.50510204081633,2
129659,36.3,4.3,inf,100.0,3
79370,42.7,7.4,2.4073319755600813,96.16573902288188,3
72788,42.5,12.6,0.8708388814913449,88.81848676854267,2
97750,40.3,3.1,0.6819852941176471,98.38150289017341,2
73483,40.7,6.6,3.394904458598726,100.0,7
103578,38.8,11.0,11.282608695652174,86.28072957969866,2
69583,38.4,5.5,2.118131868131868,100.0,4
74698,38.0,18.6,3.5107296137339055,98.31440087944301,7
175813,38.5,6.9,2.7056603773584906,98.73179896665101,1
82439,38.6,16.5,2.065315315315315,99.35217903415783,2
178041,39.2,2.6,1.5809217577706323,99.16127904944959,8
90074,39.9,19.0,3.3274111675126905,96.35416666666666,8
218393,37.7,4.1,1.22,98.41427155599604,2
63010,43.4,17.5,2.886977886977887,94.11472560218525,9
139384,38.8,10.1,1.838487972508591,98.2084690553746,3
81755,49.0,6.9,0.8858520900321544,97.84200385356455,2
55521,36.5,25.2,3.4581151832460733,62.95336787564767,3
63352,34.6,25.8,7.968253968253968,97.0374510899944,2
70508,34.4,22.0,3.079155672823219,98.40255591054313,6
150854,38.5,7.7,1.6131736526946108,97.77685435279452,5
57147,35.1,16.7,3.358361774744027,95.9238017206063,5
199067,36.5,4.2,1.4938154138915318,97.76556126972868,6
66029,32.0,20.7,4.305841924398625,96.44794400699912,5
75125,39.9,14.9,2.0089285714285716,97.3669309173273,4
44013,36.9,28.3,6.618279569892473,88.71398078975453,2
97232,35.0,15.1,3.283154121863799,96.11126113961652,8
64741,45.8,9.3,2.456140350877193,80.57553956834532,3
44026,34.8,13.4,3.519607843137255,97.72554965883245,1
49565,26.9,14.1,11.277777777777779,100.0,2
76688,39.2,24.0,1.4170403587443947,98.37438423645321,2
52775,36.6,21.1,6.059523809523809,95.15677491601345,1
71375,34.8,17.8,4.111111111111111,97.8550536236594,1
75134,38.2,19.8,1.9580745341614907,97.33487833140208,3
59342,36.0,24.6,4.531157270029674,97.04770215241419,1
64107,35.7,16.6,2.605691056910569,97.81557743957028,2
118906,32.5,13.2,2.246808510638298,95.76852698993595,4
54250,40.5,27.2,3.111111111111111,96.8586387434555,1
59145,40.5,32.9,6.3522727272727275,98.2011447260834,1
52172,33.2,25.9,3.984771573604061,98.49062862829656,2
67955,32.3,30.8,2.909502262443439,87.46113989637306,4
118393,37.2,12.1,1.6192660550458715,94.0745672436751,2
134167,39.5,10.1,1.6788990825688073,95.45772187281621,4
69030,32.4,18.9,1.3740458015267176,100.0,3
114552,35.6,9.6,1.5740181268882176,93.29237071172555,4
54038,32.3,27.7,4.0688524590163935,98.57225545051129,3
58643,35.4,25.3,2.173228346456693,98.27327327327328,2
117627,36.5,14.1,4.5719063545150505,71.49947753396029,2
65313,39.2,24.1,2.3304347826086955,99.8076923076923,1
232530,32.1,6.1,1.2432432432432432,88.21729150726856,2
148438,32.0,10.9,4.766393442622951,85.20942408376963,8
80246,35.4,12.0,4.07396449704142,95.33239038189534,5
134479,36.3,7.8,1.6741405082212257,84.36191008098297,6
93750,40.7,19.5,0.9456521739130435,97.01612903225806,1
213227,36.0,2.3,1.5195530726256983,96.08147000221385,3
108654,33.5,10.8,2.2470588235294118,97.81257195486991,2
210667,37.8,2.8,0.9382239382239382,95.30740276035132,3
104191,39.6,8.5,1.1897058823529412,99.16939340548704,4
158594,35.3,6.0,2.4318706697459582,90.79448841981824,2
93117,34.9,8.3,3.135048231511254,97.95640326975476,9
163125,35.4,3.6,2.932584269662921,88.54044548651817,7
55250,47.8,18.2,0.9271356783919598,98.3615510649918,4
142750,35.0,12.0,1.95625,94.82173174872666,1
127768,38.9,3.8,1.4658753709198813,99.16897506925207,3
80476,34.6,13.6,2.2009925558312653,95.36613272311213,3
122344,35.8,10.2,3.3839285714285716,93.66306027820711,7
112596,34.9,5.3,3.5697115384615383,97.02312800549576,5
133194,32.7,9.6,1.186700767263427,99.00166389351082,1
71250,48.2,13.4,0.5229681978798587,100.0,2
143859,33.8,6.7,1.2941176470588236,97.50608272506082,1
142625,37.3,7.8,2.335714285714286,99.76608187134502,4
192411,37.9,2.4,0.9688195991091314,98.98770788141721,5
138182,38.9,6.8,1.755,96.74858223062381,4
215583,39.3,4.3,0.7171361502347418,96.10073111291632,1
186686,36.9,0.3,1.3668122270742358,91.1128903122498,3
203936,38.9,5.9,0.837037037037037,93.90290519877675,5
96411,37.0,8.9,4.755700325732899,95.39430805996089,12
168594,38.8,1.9,1.5564784053156147,91.55269509251809,5
87446,43.8,16.7,1.5044444444444445,94.88859764089122,1
145481,34.9,7.5,1.8799342105263157,83.29170829170829,3
207095,43.2,3.9,1.358974358974359,98.6753574432296,2
155873,38.3,11.0,1.7307692307692308,99.23691215616681,4
98095,43.0,14.2,0.7840531561461794,97.60023412350016,2
158269,39.5,2.4,1.5372670807453417,99.71903535471786,5
127188,39.9,2.1,1.167032967032967,98.32149774047772,5
101701,40.4,11.1,0.6316964285714286,100.0,2
73417,38.4,9.1,1.7420382165605095,98.93314366998578,2
62637,39.6,12.4,1.6437054631828978,100.0,3
164904,36.3,5.4,3.5099337748344372,85.43472875897945,4
66083,37.8,9.8,1.01841620626151,100.0,4
182401,34.7,4.9,2.370757180156658,90.66034294053266,1
46723,35.2,20.9,7.766990291262136,43.999165101231476,1
77500,46.5,10.8,0.9653179190751445,100.0,1
116842,35.3,10.8,1.561576354679803,74.7945205479452,2
68304,42.3,17.2,1.3842794759825328,99.93024066968957,4
63289,35.1,13.5,4.177631578947368,99.19809276116169,4
148051,32.5,10.8,1.7253521126760563,89.51612903225806,7
63807,34.2,18.5,1.5669014084507042,99.74928366762178,4
72806,31.4,17.9,0.9895833333333334,68.7911326636647,2
49309,39.1,30.3,1.3758241758241758,99.65068275643061,2
82500,44.0,26.4,1.5830618892508144,92.09494324045407,5
114191,41.5,5.2,0.8089304257528557,75.05434782608695,3
81719,38.9,10.4,0.7083333333333334,99.95138551288284,4
123107,32.8,10.3,6.650980392156863,79.62032384142937,1
91750,43.5,18.5,0.7328431372549019,99.78317432784041,1
142589,36.3,8.4,2.138801261829653,74.04795486600845,6
191083,33.9,8.4,1.580128205128205,87.36023334953816,4
149643,35.0,4.2,1.503961965134707,88.41068917018285,2
95104,39.0,18.3,0.4295774647887324,99.4797919167667,1
175833,36.9,4.9,1.1437908496732025,91.93336256028057,3
62723,45.3,8.9,1.1981981981981982,97.36340533672173,1
64250,36.0,28.8,1.2536764705882353,97.92130660727543,3
87850,35.6,12.4,3.5384615384615383,58.7173579109063,4
62519,37.3,24.3,2.102189781021898,98.62017059708982,2
80275,39.2,20.6,24.0,36.17204301075269,1
78272,26.5,30.9,1.47196261682243,100.0,1
109130,37.5,10.1,2.5567144719687094,68.15763219155303,3
88828,33.8,14.5,4.929530201342282,68.41541755888652,4
66169,22.5,10.9,2.4008097165991904,100.0,1
114750,33.7,11.7,3.1558752997601918,49.248389405869716,2
44716,19.4,57.8,4.892307692307693,99.5189416716777,4
63636,35.4,27.7,3.614420062695925,52.71401566297597,2
48594,21.2,46.3,3.4297520661157024,100.0,6
57457,21.0,24.2,1.5496031746031746,99.82319660537482,2
79022,20.6,9.3,1.0823970037453183,100.0,1
122400,33.3,9.5,3.1869565217391305,69.47247706422019,6
121997,32.7,13.0,2.6778042959427206,72.86532951289398,1
53208,19.1,40.1,2.329861111111111,98.16167805797784,3
150288,33.6,7.8,2.8424657534246576,72.66187050359711,2
62973,15.5,32.6,2.403458213256484,99.98442852693866,1
80000,31.5,32.7,3.082089552238806,63.86160387040023,8
40335,16.7,30.8,4.257009345794392,100.0,1
43371,20.0,44.6,3.4210526315789473,97.42148760330579,1
76528,30.6,33.9,5.228571428571429,88.00410116199589,2
56250,23.6,18.2,1.1943573667711598,99.48559670781893,1
94107,37.3,13.5,1.8686131386861313,55.462769659011826,2
58342,25.6,37.4,1.791304347826087,99.94249568717653,1
100547,35.3,10.8,2.393162393162393,48.729946524064175,8
76652,33.5,14.6,0.9931972789115646,98.33916083916084,1
63200,31.1,27.6,7.76510067114094,63.26171187037689,9
61466,32.7,16.4,0.958005249343832,100.0,3
85871,32.7,17.6,6.47808764940239,61.613566289825286,2
51875,42.3,18.5,1.3333333333333333,99.53271028037383,2
56111,31.9,32.0,4.4185303514377,48.596014492753625,7
54750,37.8,19.2,3.414918414918415,98.14119042910818,4
87981,30.2,18.7,2.259168704156479,62.759150243153314,2
83637,38.6,15.9,1.3320537428023032,100.0,1
69181,41.8,13.3,1.6722488038277512,100.0,1
106579,29.7,18.3,4.04093567251462,87.20608575380359,6
57431,39.4,29.9,3.392857142857143,97.69361495508619,3
75341,29.4,30.7,6.811881188118812,62.96641791044777,3
61118,43.3,11.4,1.2436974789915967,99.22978177150192,6
81827,30.7,34.3,84.8076923076923,58.95712209302326,5
107760,42.4,11.0,0.7780269058295964,98.1311835837303,1
77546,32.2,19.6,2.8260869565217392,37.10608078118065,4
73029,38.9,15.4,2.8028846153846154,99.43477277865702,4
77545,34.1,22.4,3.1258278145695364,51.158347265345114,5
51724,35.6,15.1,1.4043010752688172,100.0,3
121771,36.0,9.7,2.7419354838709675,58.030206339076784,3
89573,33.2,16.6,2.1963824289405687,63.42988808426596,4
96016,33.4,13.7,4.720833333333333,34.05347015933027,4
64286,40.7,22.9,1.8459958932238194,100.0,2
95735,35.2,12.4,1.6568265682656826,24.62121212121212,1
51738,48.0,15.2,1.0411255411255411,98.92784700086932,1
85466,35.5,20.2,1.8125960061443933,32.26837060702875,3
60652,39.0,16.7,4.32806324110672,99.19786096256684,6
67926,32.0,20.7,3.734328358208955,26.464983325393042,4
66113,34.8,12.1,2.6018808777429467,96.03072983354673,5
65433,35.1,22.5,2.232245681381958,46.13311775801671,4
84076,42.9,6.4,0.7054054054054054,95.07658643326039,1
43176,28.1,30.3,12.466666666666667,43.74518860662048,9
51646,45.9,14.2,1.1608391608391608,92.27037516170763,2
43254,34.9,32.8,6.668269230769231,60.4131227217497,5
58373,37.3,19.4,5.431279620853081,100.0,5
55192,35.0,33.2,inf,83.00653594771241,6
45918,34.0,31.5,12.167832167832168,94.62461924386311,5
58247,31.8,28.6,6.754601226993865,60.20311012377023,3
58000,40.5,17.3,2.818815331010453,99.71428571428571,3
42456,35.0,28.4,4.931034482758621,38.63512778684067,5
55545,48.6,28.5,4.811023622047244,100.0,3
101719,33.6,17.6,3.217910447761194,39.927757710475134,3
45708,42.2,20.6,3.526086956521739,95.62016930437983,4
52361,38.2,19.0,3.5294117647058822,36.534154535274354,3
82784,49.5,17.9,3.0920245398773005,88.98337843061461,2
100750,37.0,18.4,1.3009708737864079,42.25821819914245,2
58407,37.8,38.1,4.346456692913386,98.24618914931979,5
86225,38.8,15.9,0.9932279909706546,25.058201058201057,2
55214,32.4,29.2,2.033505154639175,97.03562036815683,1
66989,34.9,35.2,1.9356913183279743,43.716058960434445,5
52279,37.1,28.0,1.7489539748953975,93.99953303759048,3
110938,34.2,22.4,1.9102902374670185,29.665825977301385,5
35679,40.6,29.2,5.193083573487032,21.334414925978507,1
53693,43.8,23.8,2.541019955654102,97.25301204819277,2
127313,35.4,9.5,13.5,66.01850610164945,6
42902,41.6,28.4,5.549145299145299,23.487374940447836,2
64545,52.2,7.8,0.3904761904761905,100.0,2
67969,30.9,28.5,2.462406015037594,24.223137401722205,3
82726,35.9,19.1,3.889344262295082,32.99115044247788,5
98828,41.5,19.1,3.8543046357615895,36.86189157103284,1
81643,47.2,5.7,0.8152929493545183,99.27244878422363,5
88200,32.8,11.3,6.060171919770774,55.32355154251316,4
104056,33.4,12.4,3.2015915119363396,41.0048266783677,4
107106,32.5,6.7,2.2918367346938777,61.61306789178151,5
89468,38.4,6.6,2.286089238845144,58.01574803149606,4
73949,35.2,11.9,12.203389830508474,49.18730650154799,4
72353,38.2,17.7,3.7446153846153845,37.285012285012286,3
86282,32.3,22.3,31.857142857142858,32.96290243503841,3
37183,35.5,45.3,3.588235294117647,64.74722564734896,10
68611,37.3,12.7,3.4327868852459016,43.691849646445846,5
45603,47.8,22.2,1.2045454545454546,68.66643812135756,4
92769,32.7,18.1,3.567510548523207,48.86457815348915,1
80833,26.8,24.6,1.2722772277227723,65.01086619062403,1
44947,36.4,24.9,2.818867924528302,44.64285714285714,2
20706,38.5,42.0,16.163636363636364,64.94432071269487,6
25083,38.1,45.8,8.656862745098039,35.251798561151084,2
55774,32.6,15.3,2.716845878136201,45.960165351371664,4
57750,30.1,17.1,7.252525252525253,90.64632677639503,5
50150,39.6,5.5,191.5,33.416833667334664,1
47444,33.6,20.9,8.618181818181819,24.470470969349613,3
42429,29.0,26.4,22.689655172413794,20.212201591511935,6
41250,35.0,39.5,5.86,51.6829191569676,6
12110,71.4,53.8,137.6,80.47255038220986,1
39688,31.3,34.3,27.225,30.944055944055947,3
56930,58.7,13.3,1.0143163922691483,97.91174868349374,2
54005,40.0,14.6,51.575,32.05484206872614,2
45296,34.2,30.9,18.5,23.215686274509807,1
67264,31.9,22.6,8.493975903614459,29.361841031499914,8
28952,58.6,32.0,4.316923076923077,99.29214929214929,1
38047,58.5,26.8,11.0939226519337,96.7368664660958,5
21398,36.5,40.1,7.604166666666667,27.008264462809915,4
51768,36.3,29.6,3.1942028985507247,97.33160621761658,2
34916,33.9,31.6,4.2725060827250605,19.284188034188034,5
47279,24.1,36.2,8.206896551724139,38.66943866943867,1
48075,36.7,30.2,3.0620915032679736,96.45441389290883,6
38036,33.2,29.5,5.8646408839779,45.2347334980586,8
79688,46.1,17.7,0.4883227176220807,99.16347992351817,2
98281,32.7,12.1,1.8620689655172413,27.639311043566362,2
71518,31.8,27.7,3.4660421545667446,40.21517343721016,2
56667,37.0,16.9,2.253141831238779,93.67666232073012,1
57667,44.9,16.0,4.346835443037975,93.06347022990764,1
80268,33.8,18.3,4.117845117845118,43.842630018862835,7
77302,34.7,20.2,2.016025641025641,36.790955969853236,2
49427,39.0,27.9,1.9541284403669725,16.55945216849969,4
56909,36.3,23.2,5.671159029649596,42.313989448790245,4
20908,35.8,49.6,53.542857142857144,51.34845508126451,1
82286,35.9,19.4,1.7576530612244898,31.92380952380952,3
90275,30.6,16.0,2.5775656324582337,41.09763880025527,6
90219,36.0,17.5,1.3423423423423424,100.0,12
76150,32.5,29.1,1.2747641509433962,43.17789291882556,7
76221,36.7,13.7,2.485961123110151,90.11511511511512,3
83036,32.6,24.2,3.1141975308641974,85.58292282430213,6
78088,33.1,12.4,0.4969574036511156,100.0,2
96870,30.0,20.4,22.089887640449437,93.63311620088254,3
54276,32.0,11.9,2.212534059945504,89.61504028648164,3
98672,29.3,13.9,5.003921568627451,85.32634587899,3
52188,31.5,24.1,4.085872576177286,63.2208922742111,4
82868,40.8,11.8,1.1021671826625388,98.42209072978304,1
79087,34.7,12.1,2.8731563421828907,59.435215946843854,3
81078,37.5,14.5,0.8658280922431866,100.0,3
61543,30.9,25.2,3.8603988603988606,60.622462787550745,5
56541,42.8,16.9,1.1575178997613365,98.5316265060241,4
60750,34.5,35.6,2.2055837563451774,64.12888508696892,4
67986,41.0,20.5,0.997624703087886,100.0,4
86309,34.2,23.7,1.8413654618473896,44.893809308630814,8
98482,38.5,11.1,0.9245689655172413,98.52328663385082,1
66362,30.5,20.8,4.648648648648648,64.44591029023748,1
75885,36.1,12.4,1.7094240837696335,99.29524288950415,2
90000,39.6,21.9,0.8048,100.0,6
63626,34.1,30.2,8.517985611510792,82.69419862340216,3
58377,36.4,21.8,3.06390977443609,64.99145299145299,2
115714,38.8,22.2,1.0403225806451613,100.0,5
86190,33.4,14.6,2.587467362924282,76.44650655021834,6
52750,34.8,26.0,1.263157894736842,95.45823195458232,1
93211,34.3,20.5,3.10941475826972,61.76110884631064,3
31250,36.8,27.6,8.445205479452055,74.61764705882352,3
53830,27.4,22.8,2.8727272727272726,99.76905311778292,3
62656,28.8,35.6,9.41025641025641,62.15161649944258,1
82606,28.8,20.1,1.1748878923766817,99.27333705980995,2
97250,32.0,18.5,5.711538461538462,87.26532458719747,6
67277,32.3,22.2,1.5422535211267605,96.88311688311688,4
95506,30.7,12.7,11.201680672268907,88.61865407319954,2
65278,39.8,22.2,2.266846361185984,99.79726305119108,3
89044,27.9,25.0,6.344594594594595,94.21965317919076,3
77500,36.7,30.1,1.864376130198915,99.3776350130496,5
91750,31.1,14.4,8.695652173913043,93.25770547945206,12
78807,43.3,9.9,1.6761363636363635,98.98167006109979,4
67908,29.3,26.1,20.797752808988765,89.76545842217483,8
52652,34.7,13.1,4.1953125,99.87322515212982,3
86530,30.0,7.8,19.82716049382716,92.20172201722016,4
81548,38.2,16.3,3.2411764705882353,99.54022988505747,4
40000,32.3,31.8,15.177215189873417,67.87264833574528,4
60724,40.4,27.2,2.242894056847545,97.82664280235234,1
82967,32.9,21.3,3.8908045977011496,84.01442307692308,4
74197,40.9,17.7,2.3495495495495495,99.00020403999183,2
59643,31.8,17.4,8.761658031088082,88.7706631198936,5
70344,31.9,12.5,4.732919254658385,97.94007490636703,3
71471,39.1,20.4,1.5956416464891041,73.36283185840709,8
85000,29.3,20.3,1.9090909090909092,97.6896551724138,1
63378,31.9,28.9,10.802469135802468,89.14858096828047,8
69722,34.8,19.4,0.7755102040816326,99.6504854368932,1
94327,34.3,18.1,6.270992366412214,98.43400447427292,5
65500,32.0,26.7,2.651877133105802,93.95871281117184,1
84318,34.3,21.7,4.387096774193548,93.97923875432525,6
59464,35.0,11.1,1.4593495934959348,98.61325115562404,1
86595,35.0,39.4,15.517857142857142,83.0763299922899,4
76364,41.8,9.7,0.6367614879649891,99.23871669385535,1
55156,29.3,33.2,54.27777777777778,44.16310424202565,1
84583,27.4,34.6,1.2190476190476192,98.80525686977299,1
61420,39.6,44.6,inf,73.36884154460719,5
88456,30.1,7.7,1.1608695652173913,82.09351753453772,5
83289,41.0,13.6,4.879699248120301,99.1391028545537,3
78155,37.0,14.7,1.0472312703583062,95.2755905511811,1
40058,44.1,14.2,1.5547785547785549,99.63235294117648,2
88092,27.9,15.1,0.6656151419558359,98.3879355174207,1
54149,17.6,18.5,1.3243243243243243,95.69555302166476,3
176190,33.3,10.7,3.0262008733624453,99.72151898734177,2
57228,26.6,21.3,1.6320987654320989,98.09322033898306,4
35088,38.6,43.6,4.540229885057471,96.89088191330345,3
103529,33.2,9.4,4.851528384279476,96.58904558871761,5
53301,41.9,14.2,1.8297872340425532,92.81079234972678,2
106893,31.6,22.4,5.291925465838509,91.5240083507307,4
58722,28.8,18.2,2.6621004566210047,79.83245423518461,4
72254,34.5,14.0,1.3207282913165266,92.59838998211092,1
69575,35.8,11.9,3.309338521400778,90.59845195393619,1
41156,40.3,30.6,4.3801980198019805,82.47646632874728,7
99444,39.2,26.2,0.8330893118594437,87.14975845410629,3
51860,36.7,32.0,18.1900826446281,87.11278792692613,10
101875,30.4,26.4,8.735714285714286,85.47233722243132,6
71952,36.0,14.0,2.186224489795918,97.71112865035518,9
129489,33.4,7.9,3.221052631578947,96.22874806800618,9
73066,37.8,6.4,3.098191214470284,94.22364848185634,2
101250,32.6,6.6,2.25,97.13665943600867,3
113780,51.3,5.8,0.9038461538461539,89.62790697674419,3
103846,33.0,14.0,4.314685314685315,96.92755498059509,9
93995,47.7,6.7,0.5900962861072903,98.52295409181637,2
151250,32.6,6.7,4.532,97.04918032786885,4
139947,39.2,9.6,3.4671532846715327,87.58366800535475,1
136825,43.6,10.0,0.7821969696969697,76.61505605979711,5
70361,33.5,29.7,11.245283018867925,72.27859778597787,2
71316,37.3,14.4,4.649867374005305,63.14907872696818,8
54342,12.6,39.9,2.700534759358289,97.99948704796103,4
68125,32.9,19.4,inf,39.72952283745853,5
77625,33.5,21.0,27.0,44.06250000000001,6
35333,13.0,68.5,2.8054474708171204,99.89154013015184,3
57464,30.2,20.4,inf,22.157609785442144,3
60193,35.4,12.9,14.110169491525424,40.70328660078143,3
72803,37.1,23.1,9.494623655913978,94.11909448818898,1
126358,32.1,17.5,8.581749049429657,94.77558348294434,12
93630,38.2,9.7,7.433021806853582,49.37299893276415,2
183056,33.3,8.6,3.274914089347079,93.86809269162211,1
63672,32.0,20.5,20.42222222222222,34.22449380774524,1
66875,37.6,11.3,37.729729729729726,30.686863410812226,2
191964,34.0,6.6,3.1513353115727,99.1759226083841,3
92098,38.2,9.8,1.8010752688172043,59.590261282660336,3
205184,34.1,7.0,6.738916256157635,96.91561590688652,7
118343,39.7,16.3,2.085714285714286,74.43023902167872,8
91111,31.8,22.6,3.898230088495575,91.65393430099313,11
30078,28.8,32.5,inf,96.98124267291911,8
83152,37.5,14.5,3.881081081081081,82.31736816642477,4
61563,31.8,15.4,13.807453416149068,91.56182878183492,8
38690,30.3,35.5,7.75,100.0,1
70816,33.8,14.9,0.9393939393939394,93.9183987682833,6
58800,32.6,17.5,3.9747292418772564,93.24632276776465,1
42143,14.3,43.1,2.888888888888889,98.46117976218233,1
67521,36.9,13.4,4.657894736842105,83.36947456213511,6
32321,27.2,55.7,5.881481481481481,96.65480427046263,1
60750,45.4,21.8,3.6465256797583083,97.52066115702479,6
163269,30.8,22.6,6.73015873015873,100.0,5
58409,39.8,23.7,2.287305122494432,91.85408667032364,3
120841,35.2,12.8,3.5960591133004924,87.16307277628033,6
91731,47.7,9.5,3.2857142857142856,99.72565157750343,9
131016,32.6,20.7,3.298507462686567,99.90372272143773,13
70833,37.1,12.2,5.102189781021898,98.7678659438147,3
187115,33.1,5.9,2.570056044835869,94.28899561495093,5
66048,41.2,31.1,2.0315315315315314,98.74213836477988,1
117353,33.1,4.8,9.0,98.92229154849687,2
146250,35.1,6.0,4.182370820668693,98.08008776741634,7
139760,33.9,11.2,4.894578313253012,98.13650651100134,4
84524,42.7,10.0,0.145993413830955,97.24057520404197,2
113634,36.0,6.5,6.255725190839694,99.54981992797119,3
79236,53.2,25.7,1.296,83.20987654320989,1
88661,45.2,23.2,0.5276243093922652,100.0,4
155804,36.2,3.5,1.8518518518518519,98.38530066815144,4
77121,55.4,9.7,0.10587431693989072,95.31926406926407,5
135188,34.2,6.7,5.41747572815534,98.87892376681614,6
106765,36.1,10.5,2.0476190476190474,98.44407064760303,3
89125,52.2,14.3,0.4042253521126761,100.0,2
138750,32.3,11.4,8.56326530612245,96.8919968919969,9
81711,48.3,12.2,0.6270096463022508,99.48364888123923,2
53939,38.0,25.1,2.1246684350132625,95.40117416829746,6
140781,36.3,24.1,4.482352941176471,79.87470634299139,2
36984,34.3,27.6,3.045138888888889,95.97811217510261,5
54567,41.5,10.0,3.9939024390243905,96.62393162393163,5
71944,42.2,9.4,1.402135231316726,100.0,2
79143,40.8,18.7,0.7718550106609808,90.10183299389001,1
85074,46.9,9.8,1.5431654676258992,97.30043541364296,2
100938,36.3,5.7,4.445945945945946,100.0,2
72292,50.8,20.2,1.4944649446494465,97.23237597911228,1
130372,37.9,3.9,5.9633699633699635,98.57035364936041,6
54919,51.0,17.4,1.9771528998242531,99.2838874680307,3
106389,35.0,9.6,3.768472906403941,97.2457627118644,2
77500,47.0,9.8,0.39229843561973526,99.05643581983266,8
79148,41.8,12.4,0.9871559633027523,97.94520547945206,3
76179,43.1,9.0,1.4755555555555555,99.4428348562514,2
53212,50.2,13.0,0.6238532110091743,98.42150170648463,1
80633,40.5,13.3,1.1867768595041321,96.2962962962963,1
94482,48.8,11.0,0.8522408963585434,98.6633891534798,3
94722,42.2,8.2,1.2026578073089702,99.33847850055126,9
68349,41.8,14.6,2.1343283582089554,97.76081424936388,3
49010,30.6,35.0,1.8537735849056605,94.83944954128441,5
38137,51.5,14.9,6.1603053435114505,100.0,3
87052,43.3,5.8,0.4802784222737819,100.0,1
66313,43.9,20.4,2.5031645569620253,86.97968697968697,2
76125,47.5,10.3,0.4441591784338896,94.96875,1
108227,44.5,3.4,0.13735899137358992,100.0,4
91563,30.8,23.0,0.6550308008213552,89.8885044213764,2
85022,51.3,10.2,0.5451977401129944,66.00587371512482,2
94643,55.0,1.4,0.17752808988764046,96.28712871287128,2
124750,43.6,3.5,0.16326530612244897,99.55995599559955,2
113676,42.0,3.0,0.11258278145695365,98.93497757847534,1
82917,45.7,13.8,0.28421052631578947,98.10017271157167,1
70662,53.4,12.0,0.3602941176470588,97.7728285077951,4
90272,45.1,8.3,0.6645962732919255,41.59586257850019,3
79728,38.5,3.4,0.2764976958525346,43.74201787994891,1
129028,42.0,6.4,0.15843621399176955,40.99347717009534,1
106833,35.8,20.3,0.3728395061728395,20.733496332518342,1
101944,37.0,12.4,0.8323586744639376,10.382333553065259,1
91625,37.4,1.6,0.20146520146520147,32.40343347639485,1
101976,48.6,8.0,0.2612994350282486,57.56853396901073,1
89750,44.6,2.4,0.24865831842576028,45.734727572922395,3
102083,41.8,6.8,0.5384615384615384,46.86240644789868,1
90917,49.7,9.9,0.2855263157894737,76.85823754789271,2
138688,38.5,2.5,0.21929824561403508,95.60723514211887,4
115144,45.1,3.6,0.3185792349726776,98.11145510835914,1
72305,38.4,22.9,1.6135458167330676,17.87463271302644,1
54583,48.7,13.1,0.40934065934065933,17.821368948247073,4
82218,45.3,13.2,0.4485294117647059,6.857727737973384,2
98235,43.7,13.7,0.08307692307692308,21.529411764705884,1
71218,45.0,7.2,0.28786677240285485,16.645293665042317,2
70250,39.3,14.2,0.5296442687747036,11.465557096625057,1
66213,42.1,11.9,1.1682785299806577,41.373419883840114,2
52221,38.2,7.3,1.2517605633802817,49.985220218740764,1
64211,39.6,20.6,2.276470588235294,42.19653179190751,4
71940,35.4,13.0,1.3131067961165048,64.35772357723577,4
106923,31.7,7.0,0.8613333333333333,91.19415807560138,3
88958,31.0,13.5,1.0552147239263803,84.5086705202312,1
96207,29.3,3.2,0.9,83.85327391155296,2
71250,32.0,15.9,1.6114519427402862,98.12124248496994,2
86768,34.3,7.9,1.3067484662576687,29.948109710896965,4
86455,33.0,7.5,8.953488372093023,39.00353773584906,4
110625,45.4,2.4,0.30736842105263157,5.378304466727435,1
101000,41.7,9.9,0.5807692307692308,26.91119691119691,1
73322,43.5,15.0,3.5301724137931036,38.537160833661034,6
70060,36.8,21.1,1.9527272727272726,24.103942652329746,1
56314,34.4,9.4,4.395973154362416,25.882352941176467,2
106667,30.0,5.4,2.8181818181818183,14.832535885167463,3
58859,35.6,9.6,6.389937106918239,18.832796276405293,1
76776,45.6,21.9,2.8345323741007196,25.726744186046513,4
77153,37.3,23.2,1.3517786561264822,37.238307349665924,7
69223,36.6,18.2,7.815028901734104,52.42494226327945,5
74769,35.4,14.6,5.240223463687151,44.375538329026696,2
77214,32.9,5.1,2.7333333333333334,56.45460160592959,1
92757,39.2,17.2,32.64935064935065,51.209189842805316,3
102431,43.8,11.2,1.44,41.13693643237188,2
95781,40.5,9.0,1.9258114374034003,31.36531365313653,3
56722,39.3,11.9,2.763925729442971,28.664882545346416,5
70954,35.1,13.3,3.3910034602076125,40.629351155666946,3
71607,33.8,12.2,3.495145631067961,31.159420289855078,1
72632,49.6,12.1,1.400990099009901,15.845070422535212,2
100000,39.4,10.4,2.11875,19.36679016503874,3
71464,34.3,20.2,4.280966767371601,26.75417661097852,3
55000,33.1,24.6,103.43478260869566,25.087493092650583,8
81484,32.8,10.4,11.338709677419354,20.96026074965526,2
54900,36.1,14.8,5.216981132075472,20.168067226890752,3
76181,39.6,10.5,2.629258517034068,13.027158313093402,5
70380,41.9,12.7,2.6788511749347257,22.4802110817942,7
62177,38.9,13.0,3.8803418803418803,12.103017854321374,1
93803,43.7,8.6,0.4375,15.824765310683953,1
91378,42.7,7.5,0.40043763676148797,17.352056168505513,3
69550,48.5,17.3,0.49691991786447637,10.940594059405939,1
88646,42.4,7.9,0.6098484848484849,14.421553090332806,2
59792,44.7,4.1,0.6108490566037735,24.382553862322652,2
98125,44.6,8.6,0.655786350148368,8.832612723903644,3
76667,32.8,17.2,2.973045822102426,13.921622362291043,2
73450,42.4,7.5,1.6819221967963387,8.255401483392454,2
58542,44.2,16.2,2.736842105263158,10.443444730077122,2
72863,41.9,17.1,2.152173913043478,28.55759922555663,2
52539,38.8,18.9,6.272222222222222,11.430416532127863,7
59884,38.7,18.8,2.236842105263158,19.567177637511268,2
38798,31.0,23.3,5.319838056680162,39.86486486486487,2
60947,52.0,19.6,17.01851851851852,14.09371594624047,1
59799,55.6,12.2,1.1532033426183843,11.374407582938383,1
97614,32.6,16.0,1.6168831168831168,31.025416301489916,1
46461,35.8,6.7,3.4373831775700934,24.041811846689896,2
43347,34.5,31.1,3.143805309734513,25.105404369490223,3
48949,43.0,21.1,15.155737704918034,11.84928111056024,1
51335,42.1,21.6,3.794561933534743,15.901223171013157,2
62667,34.4,20.0,12.429411764705883,9.753748796258076,10
28697,56.1,43.1,21.08823529411765,11.722731906218142,4
51221,35.3,35.9,1.6783042394014962,10.49237983587339,5
33042,46.4,28.7,7.7727272727272725,24.702627939142463,1
76726,41.9,13.4,2.488262910798122,37.17605004468275,1
33889,37.1,40.2,6.193415637860082,22.20767888307156,5
50625,36.4,38.4,2.339483394833948,41.41296769695562,2
24972,29.1,39.2,87.35,23.886639676113365,8
23821,36.6,59.8,99.4,35.63218390804598,6
16628,32.1,53.7,inf,52.763353115727,3
26581,35.3,34.5,8.320652173913043,28.656865188138546,5
40525,43.3,27.0,1.6830985915492958,49.143556280587276,4
39005,34.5,23.9,1.447191011235955,9.999999999999998,2
33586,32.1,32.3,2.978902953586498,16.69880447358272,8
82645,52.5,7.7,0.9581151832460733,11.804184761152781,1
94188,39.8,9.4,0.5023400936037441,9.819967266775775,1
86641,44.8,8.7,0.8333333333333334,14.523723288663525,1
78018,40.7,9.8,1.7534246575342465,13.555471412343811,1
80064,45.4,18.2,1.017667844522968,3.5281909373919063,2
96607,50.1,3.7,0.5869918699186992,21.34540750323415,2
98750,38.9,8.6,1.2234042553191489,6.155950752393979,2
70826,35.7,12.0,0.5649171270718232,18.51962840875038,1
84048,32.4,9.9,0.9512195121951219,22.286448298008988,2
102639,41.6,9.6,0.6198830409356725,23.007623007623014,1
67018,32.0,22.8,0.7897310513447433,29.556451612903224,1
97679,35.1,15.0,0.3888888888888889,46.97867298578199,5
64716,48.2,10.6,0.779835390946502,34.89878542510122,1
85234,46.5,26.6,0.8328912466843501,26.632615833637363,5
112450,44.7,5.4,0.44258373205741625,9.443593670239913,2
94583,36.3,10.3,1.2099322799097065,22.37048665620094,2
75662,46.4,4.3,0.891588785046729,21.81506849315068,1
88537,36.3,6.7,0.5954692556634305,14.514218009478675,3
62330,38.2,17.7,1.2772020725388602,22.358900144717797,3
89773,43.6,8.0,0.9011235955056179,18.19811743612729,3
93243,43.6,2.6,0.19032258064516128,13.183444047010727,1
90000,33.2,4.2,1.0319148936170213,32.632430246663965,1
76724,32.0,14.5,0.7134831460674157,14.861111111111114,2
72121,47.8,9.6,0.30612244897959184,26.72,2
17824,27.7,44.3,inf,27.125704484195047,1
45000,45.5,18.3,23.0625,34.566987416728345,1
60919,35.3,14.8,1.5564853556485356,19.657483246463148,1
66985,36.0,23.3,2.0319634703196345,26.65121668597914,2
62143,36.8,20.5,1.4079885877318117,26.557570977917976,11
85011,37.3,12.3,1.7231503579952268,21.02316110969712,2
80467,32.6,14.9,2.229268292682927,40.062434963579605,2
74089,50.2,14.2,1.8265060240963855,28.928781636256616,5
28778,47.8,37.8,3.133136094674556,35.61461794019933,5
44375,33.5,22.6,2.7413249211356465,22.199413489736074,4
69932,36.2,25.6,3.3249370277078087,18.666378938282257,8
52477,41.0,27.3,1.555944055944056,15.820543093270366,3
47667,28.8,24.4,1.9381818181818182,22.708674304418984,2
41657,50.3,6.9,0.5326876513317191,57.33157199471599,2
77957,35.5,41.1,2.7889908256880735,37.17001055966209,2
83476,31.3,15.3,1.8780487804878048,81.66666666666667,7
71429,32.5,13.6,1.3350785340314135,38.671875,2
53135,34.3,14.2,3.4897119341563787,52.80272530195107,2
28585,32.9,34.9,7.6521739130434785,19.4163332548835,6
59412,32.1,22.4,1.292191435768262,26.52751423149905,1
66557,31.3,15.4,0.9850746268656716,34.57259158751697,2
50625,37.8,17.4,2.7896551724137932,56.92761218473632,3
65257,30.6,15.7,1.8836206896551724,80.54552747693542,2
62273,37.2,22.7,0.9947780678851175,71.58562367864694,2
64167,36.7,16.5,1.3723076923076922,68.60367892976589,1
73566,36.0,9.8,1.773224043715847,64.66706658668267,4
56970,35.6,18.0,1.9497041420118344,91.68583634571146,4
55938,35.6,8.2,1.674641148325359,87.40987243483083,4
87180,32.4,9.2,2.5708955223880596,75.5625,1
62237,32.3,19.1,2.577358490566038,88.28590337524818,5
63454,36.7,15.2,2.542299349240781,86.88694929343308,5
56599,26.9,25.4,3.657992565055762,63.98313206823845,4
39021,38.2,37.9,2.775,65.70203644158627,3
85250,33.0,19.1,2.1763085399449036,61.28550074738415,2
69365,35.1,24.4,2.149789029535865,36.11516034985422,3
50563,35.2,25.5,4.320707070707071,54.00910364145659,9
39940,33.1,42.9,2.5552147239263805,61.931965723188775,10
43546,34.9,19.8,1.8839285714285714,54.86257928118393,4
114153,37.2,11.3,0.34577114427860695,63.65432098765432,1
57313,35.1,19.5,0.8743455497382199,28.805576488319517,1
57055,30.9,21.3,6.706840390879479,6.722222222222218,8
51157,13.0,48.6,2.169576059850374,97.30101608806096,4
224808,43.2,3.2,0.3403441682600382,82.15438802465512,3
34710,47.4,28.3,2.712514092446449,82.37394657906013,1
25655,51.2,39.5,21.375,92.80997116547299,3
184730,29.4,5.0,5.378272251308901,95.46921835370071,3
28607,52.0,31.2,70.55,99.81636634913347,1
222167,31.5,8.0,3.2146341463414636,91.72149122807018,2
91154,48.0,17.3,0.7683257918552037,97.11330286264132,1
46615,42.6,28.8,10.10897435897436,92.39196591600731,3
119293,43.3,7.5,0.8062057702776265,92.70819841989379,1
160466,28.7,9.1,8.315909090909091,97.76179983764351,6
46860,44.7,10.6,2.985294117647059,98.17357512953367,1
74485,36.3,13.2,9.049019607843137,94.17098445595855,3
35700,37.5,27.5,8.269938650306749,80.334914048607,3
35625,42.0,34.8,14.263565891472869,84.01567944250871,1
71907,35.8,17.3,3.1205357142857144,92.04295154185023,1
52305,43.0,24.2,4.815985130111524,94.68887492143307,1
11406,36.2,79.7,inf,72.59658580413297,1
90222,29.8,10.2,11.351648351648352,90.89968976215098,9
68382,34.7,27.7,13.610169491525424,93.40300457217505,1
190769,24.0,12.9,2.8421052631578947,88.30146231721034,3
88070,39.8,17.4,3.8832271762208066,97.2484381230892,6
109148,31.2,20.5,6.392504930966469,96.05837219798406,4
55714,40.8,17.2,5.54954954954955,93.0659415363698,1
246250,40.6,4.3,1.9001584786053882,98.87573964497042,1
68647,31.4,22.2,10.28433734939759,90.62080741553848,5
122383,33.7,12.1,7.48051948051948,98.48434925864909,1
100096,37.2,11.3,20.326797385620914,97.90100694936889,1
163750,20.8,12.0,1.4180967238689548,93.30535952698837,1
148750,37.0,6.1,2.6926829268292685,100.0,3
173239,32.5,8.6,0.7454545454545455,95.71183533447685,4
141731,42.6,7.1,2.3387755102040817,99.19037705297248,2
194750,40.4,5.2,1.0660165041260314,98.50776778413737,1
193958,34.8,9.8,0.6157965194109772,95.74808184143222,1
190408,34.8,16.0,2.220168067226891,94.50571485863244,1
138854,36.2,11.3,2.479750778816199,97.23670490093848,1
236250,35.4,4.1,1.5008460236886634,99.32363882313156,2
186191,32.7,11.2,9.777272727272727,92.3294784045315,1
172687,40.7,4.5,1.1974900924702774,98.70667356440765,1
118201,34.0,15.8,2.2520568436798802,91.880740050579,3
118698,31.0,7.8,9.632867132867133,96.58344283837057,5
126995,34.3,7.1,1.904884318766067,91.5884631941455,2
120964,34.6,3.2,5.407843137254902,96.73306772908367,3
146051,31.6,11.4,2.3919449901768175,89.88300068823125,1
143183,31.6,8.9,8.089795918367347,92.69893355209187,1
173615,38.9,6.5,1.5009451795841209,94.29429429429429,2
139577,32.0,6.9,4.2368421052631575,96.19047619047619,1
146964,40.7,8.9,4.667731629392971,97.27256730600035,2
161094,39.7,6.7,2.2961876832844577,99.36908517350159,2
149915,34.3,3.9,2.958128078817734,98.72547933059957,1
156265,42.4,5.3,1.712347354138399,97.9966862479289,1
222273,38.0,6.8,1.2208883553421368,94.02985074626866,1
70986,42.3,17.8,5.202857142857143,91.96945760926803,2
188867,37.5,18.6,2.3342440801457194,89.52509768560265,2
166734,37.3,2.9,3.8548387096774195,98.3983286908078,2
94441,50.6,14.3,1.2216411906677394,93.37624584717608,2
176944,30.3,8.3,2.363408521303258,93.90736711221635,3
124433,37.6,10.6,2.3131235610130467,98.7678659438147,1
97242,33.1,20.1,346.6666666666667,84.70394736842105,1
91157,68.1,13.2,1.8070175438596492,96.70781893004116,1
103838,34.8,8.2,19.59722222222222,92.03172205438067,1
181333,48.2,4.6,1.231111111111111,97.97570850202429,1
224898,57.3,2.3,0.3623853211009174,99.14471897909313,1
131171,64.0,8.6,1.2895833333333333,100.0,1
160111,46.2,3.9,0.5879396984924623,98.66737739872067,2
146042,33.1,42.4,2.9545454545454546,75.71428571428571,1
163371,35.0,2.7,4.693198263386397,95.91948514309188,2
102297,33.7,13.8,7.743034055727554,95.10104102878138,3
82500,56.2,59.9,1.0909090909090908,45.98540145985402,4
145521,33.0,15.4,7.56,88.80575539568345,2
15971,65.1,46.2,inf,56.25,1
56935,36.1,30.3,27.27777777777778,94.64222770532253,3
140250,37.3,4.1,3.6179245283018866,98.94158355383676,2
104460,46.1,3.3,0.695514272768464,100.0,1
145488,36.5,12.0,3.053221288515406,98.15284827975184,5
117622,36.4,4.4,6.846286701208981,96.26826029216467,1
100991,39.5,8.2,4.144,89.57446808510639,1
107018,40.5,8.8,7.148760330578512,93.70444002650761,1
114304,35.6,24.0,2.1203007518796992,100.0,1
111223,36.2,14.3,3.993606138107417,97.55710659898476,2
140883,36.2,10.1,2.231314784506274,96.23254588565908,2
159876,38.2,7.0,3.1273062730627306,98.48617176128093,1
189541,48.2,8.8,1.5515695067264574,93.69099355612168,2
134167,41.6,5.3,1.6166037735849057,98.40168407921409,1
158780,45.8,4.2,0.8648397584765444,99.19861092560438,1
141232,46.2,5.2,1.8353658536585367,92.64313260160189,2
140150,35.6,10.5,14.319148936170214,97.59784075573549,3
124125,43.8,7.9,3.50772025431426,99.43080754180006,2
124571,38.2,21.2,4.152046783625731,85.94862665310275,2
159712,44.5,7.2,1.383629191321499,99.16309450908348,1
92303,31.3,9.9,34.407407407407405,95.279307631786,1
170496,50.9,6.5,0.9126686656671664,96.8128817323709,1
104146,37.9,6.1,1.9609756097560975,98.55384615384615,1
24789,39.2,42.0,1743.0,75.90222677245968,1
44643,36.0,31.1,9.746268656716419,88.67478025693036,3
163500,39.2,7.5,3.469055374592834,98.01498127340824,1
42261,39.9,26.0,6.609865470852018,80.59125964010283,8
31068,35.4,28.9,20.13888888888889,67.34272300469483,2
122287,42.4,6.3,3.513227513227513,96.25520110957004,1
103065,39.5,14.9,0.9858156028368794,95.14878958951296,1
40978,32.9,35.8,11.927152317880795,76.4873765093304,1
158109,40.3,6.4,1.7909783989834815,99.57801667838842,3
26321,36.8,38.8,13.95673076923077,70.07173601147775,2
36696,36.5,30.1,30.0,58.56119315689428,2
34279,37.8,31.2,7.453865336658354,57.05521472392638,6
135716,38.9,8.5,2.1496953872932987,88.62031234457376,1
41288,34.8,33.5,26.120481927710845,67.07205139972466,5
37641,39.9,36.0,6.622366288492707,78.88799355358583,3
135934,46.0,8.9,1.2531847133757963,87.28465955701394,1
72865,32.4,17.8,5.312775330396476,83.8933733808898,2
36458,35.5,32.8,12.344827586206897,71.81177191906805,1
113379,43.1,13.1,1.8554421768707483,84.22575976845152,1
21967,40.2,36.9,inf,65.85134172405604,4
96771,44.1,7.2,1.0920770877944326,47.317436661698956,2
95313,29.7,21.6,1.6256117455138663,93.98913164023512,1
70150,36.3,11.5,7.0,52.67371117515209,3
22743,36.5,37.2,38.8,56.345926800472256,2
67206,36.2,18.3,26.630769230769232,38.32578106367755,1
59784,35.4,20.3,7.417989417989418,49.0101140520766,3
42500,38.9,16.8,2.9892328398384924,51.66782487838777,1
22207,31.8,43.4,53.85,63.88482186432406,3
89756,36.6,15.7,5.222462203023758,58.737635421573245,1
56705,40.0,30.4,3.6184615384615384,54.44776119402985,1
53900,33.0,16.4,11.027149321266968,79.55729166666666,1
30667,31.4,30.3,23.45614035087719,34.92084608221365,3
62782,42.7,20.4,4.0,71.30647130647131,2
58596,33.7,25.0,3.576419213973799,59.22222222222222,1
61570,38.2,27.2,4.093457943925234,55.95422808378587,2
85050,37.9,17.2,2.415024630541872,25.2675022928768,1
58924,36.4,27.0,9.67595818815331,77.25836329955324,1
35438,35.5,44.6,48.507246376811594,53.13641582298298,2
86769,34.9,16.3,6.516129032258065,77.96771130104463,2
77222,34.1,13.8,6.3535911602209945,64.57608986359989,1
42267,37.4,29.2,14.615384615384615,28.226281673541543,2
77070,42.7,10.2,1.0984251968503937,84.05581947743468,1
45036,34.2,12.8,9.63716814159292,69.4915254237288,1
31691,29.1,28.5,82.95454545454545,53.47786811201445,1
51190,36.4,27.2,34.703947368421055,85.17553572591676,2
67045,36.8,18.4,30.386861313868614,93.99160398810565,2
76047,36.4,14.1,1.6529411764705881,58.48653270628474,1
49248,35.2,28.3,27.963768115942027,92.11349069876505,1
56754,32.9,26.6,55.60377358490566,95.8890261709536,2
98086,39.8,7.4,3.6476345840130504,88.86210221793635,1
65743,39.9,10.4,10.922374429223744,94.99388141061297,2
81890,38.2,15.7,7.1735751295336785,87.31468197034911,1
57671,37.4,16.1,8.276955602536997,97.37865876250463,1
67417,46.5,17.9,2.9043173862310385,93.98187311178248,1
47148,34.8,23.5,inf,92.30036891586339,2
77648,43.6,13.2,26.65,95.11661807580175,1
55231,35.0,16.5,17.737556561085974,89.82201052895462,2
43866,34.6,24.6,107.10344827586206,90.03311612007265,2
29038,44.0,26.0,189.5,72.12296374146085,1
44498,31.6,30.0,16.684684684684683,75.68105163019978,6
72200,41.7,14.5,0.9398148148148148,91.26517822169995,3
78454,37.2,7.6,0.9258010118043845,94.91346559729844,2
75074,37.4,16.7,1.3985507246376812,93.05912596401028,3
145922,34.7,3.5,1.3616298811544991,93.58934654691855,6
125114,35.3,5.3,4.171974522292993,93.18308291597106,7
103671,36.8,7.9,0.4134328358208955,84.46601941747574,1
88250,35.9,11.7,1.1713709677419355,95.54073765367785,1
74870,39.2,3.6,2.049382716049383,97.27819942423449,5
76250,52.6,8.1,0.648068669527897,94.74541751527494,1
100000,39.4,14.6,0.9863945578231292,99.21581997954313,2
170078,33.7,0.0,3.6503496503496504,76.62551440329219,1
157877,31.3,10.6,3.8445945945945947,97.9047242538051,3
154432,32.7,8.4,7.589041095890411,96.54919236417034,1
87833,42.7,12.4,1.008888888888889,99.50093574547722,2
78018,37.3,14.9,1.745019920318725,96.98292973402144,1
21667,46.1,32.3,124.47826086956522,61.86055698202646,1
123281,43.2,13.1,0.474835886214442,94.01840490797547,2
87899,39.6,7.2,1.4173728813559323,95.61981105067278,2
84750,41.5,8.7,0.4602076124567474,95.9795788130185,1
95556,34.9,22.7,5.707070707070707,95.20400858983537,6
154420,31.6,6.0,8.904458598726114,95.40229885057472,2
53417,34.4,27.0,2.5847457627118646,93.16239316239316,5
79728,40.3,16.0,0.6697674418604651,89.33177022274326,4
85859,32.7,11.7,1.822314049586777,88.94192521877487,2
53468,33.7,22.7,7.1692307692307695,90.25069637883009,1
82176,39.7,15.0,1.3129496402877698,94.46675591253904,3
46552,50.7,21.9,0.6977491961414791,93.14320388349515,3
92677,36.1,14.6,0.7783333333333333,94.8563794255177,1
73182,35.0,14.0,1.0073529411764706,95.0,2
76688,50.6,8.7,0.2970212765957447,97.82214156079854,2
56758,34.8,20.1,10.58860759493671,69.9074074074074,3
79155,36.2,8.4,7.931034482758621,95.31843104175454,5
112258,36.5,8.3,3.777120315581854,97.51371115173674,9
79865,40.7,7.9,0.6024096385542169,89.96246123714705,8
132500,33.6,7.8,8.372549019607844,98.76352395672335,1
94884,33.4,17.0,15.90566037735849,98.30258302583026,4
91075,34.4,4.0,0.7585278276481149,89.84850851163517,8
88099,32.9,10.0,4.631756756756757,99.01986754966887,7
111923,34.5,5.5,18.424242424242426,98.00494014820444,3
71699,49.5,5.4,0.12427536231884058,90.8688245315162,1
72061,39.6,10.0,0.9822222222222222,93.71215649743829,2
114783,36.5,7.9,4.1988304093567255,98.0392156862745,9
102375,36.2,10.3,13.116071428571429,96.35193133047211,2
81556,35.0,20.9,4.883561643835616,99.9720514253773,4
117167,36.1,10.4,4.986754966887418,97.226173541963,5
114917,35.9,11.1,10.360294117647058,94.80848369737258,6
112500,37.3,10.7,8.51923076923077,97.84555120313374,2
118125,33.8,15.8,7.104761904761904,98.84393063583815,3
109598,34.4,18.6,1.8554502369668247,98.61538461538461,2
116875,36.2,3.2,4.223300970873787,93.53099730458221,1
89500,37.5,13.5,8.595744680851064,93.02736098852604,2
103625,33.1,18.4,7.531914893617022,97.79353821907013,8
66875,39.9,11.7,0.656896551724138,100.0,4
113891,38.3,9.5,0.7124087591240876,90.66813914964108,3
94881,37.9,9.6,1.1848341232227488,95.8077709611452,1
89792,33.2,17.1,1.1271186440677967,86.05025773195875,2
105156,44.7,11.6,0.2290909090909091,83.04425837320575,1
117500,35.8,7.9,2.2871690427698574,99.44471269917914,5
78875,39.5,12.7,1.507462686567164,88.20269200316706,4
112390,50.6,10.9,0.33575581395348836,97.24031007751938,2
105063,36.4,3.9,1.893063583815029,92.54088552054249,2
99265,41.1,12.7,0.5350089766606823,88.88888888888889,2
76118,35.6,13.3,3.053304904051173,97.11962833914053,3
81552,43.8,11.1,0.5323076923076923,68.55345911949686,1
61589,38.5,19.0,6.8,89.33885854209832,1
112083,44.7,11.9,0.45131375579598143,92.38563983786914,2
88224,35.8,12.6,0.639511201629328,93.3312061263561,1
81563,42.8,15.8,1.12,90.43229497774952,1
97465,36.5,9.3,2.3643617021276597,100.0,3
64741,41.0,16.6,0.9415887850467289,97.06582077716098,1
94300,35.1,10.4,3.537313432835821,95.74563367666816,5
107670,29.7,10.5,1.2542372881355932,97.10564399421129,1
106458,34.0,9.8,4.316582914572864,92.00502302218501,8
66250,43.3,15.6,0.9588607594936709,96.50613786591123,3
114797,32.4,11.5,3.966463414634146,97.28564180618974,5
81628,34.7,11.5,1.2901554404145077,94.3029016277424,1
76889,35.3,9.2,5.035087719298246,98.73497786211259,3
93763,36.9,11.1,1.1884984025559104,78.51024208566109,1
97500,35.6,11.0,1.0857142857142856,97.35849056603773,3
89063,40.4,13.4,0.7191780821917808,92.77251184834124,5
115735,38.0,4.5,1.366412213740458,92.33987769552623,1
84219,35.7,7.9,1.3921052631578947,73.5320961362945,2
94250,37.8,3.7,7.083333333333333,94.18938307030129,1
75135,31.7,8.1,0.8650602409638555,95.90622813156054,2
78537,42.6,11.2,1.15625,97.51020408163265,3
96755,36.8,6.4,0.8793969849246231,92.71395528141866,3
71719,48.0,4.6,1.2057877813504823,86.87278256462241,1
76250,39.2,14.4,1.8340425531914895,92.91891891891892,1
79722,50.3,11.0,1.674259681093394,86.74478213108752,1
79968,37.2,4.5,1.922077922077922,92.98158287705326,2
113708,33.7,3.5,2.912037037037037,100.0,4
100833,40.2,9.6,0.9587912087912088,90.36981881360138,2
109042,33.9,6.9,1.355595667870036,97.69209883247353,2
98281,36.6,6.2,3.0655737704918034,95.88377723970945,2
58152,33.1,14.6,1.1042524005486969,93.64646676452087,3
63986,47.7,21.9,1.4583333333333333,86.00337268128162,2
84543,34.3,12.0,5.311023622047244,97.33772819472617,6
64464,46.0,9.4,1.8381502890173411,91.85905224787363,2
78750,36.7,10.3,5.036363636363636,97.23404255319149,2
76875,36.4,5.8,5.644230769230769,94.10575951498821,7
64635,33.2,12.2,28.90625,99.59821428571428,4
78468,35.3,8.4,3.3118279569892475,97.80994803266519,2
80787,35.6,8.6,0.7949367088607595,85.34385569334837,2
76979,33.0,15.8,6.361111111111111,97.93641940881204,3
89940,36.8,10.6,0.9011406844106464,82.65777321703438,2
103971,33.2,3.4,5.132231404958677,96.81174089068826,7
78750,45.8,12.9,0.4387947269303202,83.80986418870621,3
68277,36.6,10.4,24.964285714285715,96.12229679343773,1
92194,37.8,8.3,0.6524390243902439,85.62612496785806,3
103800,41.3,5.6,0.7625570776255708,82.9443447037702,6
85718,37.1,10.2,9.863945578231293,94.93865030674846,5
95096,34.3,5.4,3.0454545454545454,96.60392798690671,2
40313,45.0,18.4,15.25,76.97289517869993,2
66715,43.2,7.9,0.4643765903307888,88.66004361521686,4
111771,45.5,16.0,0.4834983498349835,76.22074544929211,1
74916,40.2,8.9,1.4116575591985427,97.81450872359963,7
79643,40.3,11.4,0.415,51.86116700201207,1
102663,41.6,6.3,0.3516068052930057,68.51923824329576,1
66379,36.6,31.4,11.27027027027027,97.13774597495528,2
84643,41.3,11.8,0.3840304182509506,55.43933054393305,1
81441,38.5,11.6,11.381944444444445,99.25465838509317,5
83995,40.6,6.6,4.704545454545454,96.66100735710243,2
81977,39.2,12.9,0.2894736842105263,32.89205702647657,2
84761,37.6,16.6,6.715686274509804,96.4555052790347,7
80728,41.0,9.8,1.226923076923077,98.87238723872387,2
111875,40.3,8.1,4.855072463768116,97.14100064977258,1
81106,39.4,7.9,1.7811059907834101,93.79136463914277,3
80282,38.5,10.8,0.34262295081967215,39.15638678869877,2
91681,40.8,4.1,0.2515212981744422,39.874031007751945,1
85571,40.2,9.4,0.2365747460087083,53.091265947006875,1
89808,30.7,18.0,1.2382271468144044,35.48574752763235,5
75625,39.6,6.0,1.4595959595959596,52.31223351918661,4
53958,46.6,23.3,1.6888888888888889,62.68980477223427,3
61433,35.6,16.8,2.8341968911917097,74.68299081766506,1
64583,38.7,9.5,1.1764705882352942,96.8218773096822,1
75114,40.8,10.8,1.1,84.82805124747135,2
70417,33.1,6.7,2.494661921708185,72.14001138303927,4
60250,35.8,27.7,3.7114093959731544,89.3183415319747,7
64643,34.8,19.1,1.9509536784741144,76.19205848147533,6
99630,40.4,4.6,0.7490952955367913,88.53547710590702,5
69178,36.7,22.2,1.445414847161572,97.46376811594203,1
103207,36.1,11.4,1.0865159781761498,81.52599217439911,3
108646,41.0,6.9,0.4648648648648649,94.97354497354497,1
82600,42.2,8.7,1.7111756168359942,86.75139611014828,1
72000,37.3,20.1,26.609756097560975,98.75044626918957,2
68750,37.6,14.6,3.1963470319634704,85.35011293965795,4
68024,35.9,16.5,8.8625,91.55915960191669,6
63667,34.8,15.7,27.19178082191781,83.68479467258602,3
64162,42.6,6.6,0.5313370473537604,98.51616322204558,5
61439,48.1,6.2,1.8313413014608233,99.39946158624974,2
59811,37.5,16.0,3.219047619047619,95.83333333333334,1
70676,40.4,12.2,3.531111111111111,97.98785117691725,3
96032,43.7,7.9,1.1661016949152543,99.34967483741872,4
65667,40.4,14.4,6.439024390243903,96.97459584295612,6
77188,35.7,13.0,4.556521739130435,99.73396393733373,1
92121,32.0,6.7,0.9769585253456221,46.5478841870824,2
40068,35.4,23.0,4.385786802030457,57.29253284550142,4
92426,40.0,10.8,2.75177304964539,100.0,1
91471,35.6,15.9,0.3811881188118812,34.80333730631704,4
71750,41.2,6.1,3.0,100.0,5
68892,29.8,6.1,2.697802197802198,31.293706293706293,2
63750,38.6,7.7,6.227963525835866,98.6046511627907,7
77200,39.9,17.7,0.4899328859060403,39.374185136897,2
82481,37.1,1.9,4.287081339712919,99.03993855606758,4
72083,40.5,14.0,0.718816067653277,40.8187134502924,2
51359,38.9,17.3,10.510416666666666,99.68061322261258,5
26875,53.3,28.4,2.687830687830688,28.33627278071722,4
50316,41.9,15.6,5.822857142857143,99.36353425683264,7
61488,36.6,11.8,5.512711864406779,99.82230997038499,11
55298,38.7,17.5,2.258503401360544,99.21372408863473,3
111139,30.6,2.9,0.3561643835616438,52.116850127011006,1
58906,35.4,8.6,1.8273155416012559,99.38884644766998,3
71031,40.5,12.6,27.676470588235293,98.29181494661921,2
83816,38.9,10.6,0.5013123359580053,48.298298298298306,4
63110,33.5,27.5,4.6875,100.0,5
52404,40.8,17.9,3.16056338028169,85.23917995444191,2
54986,39.6,23.3,1.2833495618305746,95.87123862841148,3
95893,35.1,11.4,0.8949771689497716,50.15873015873016,1
61257,39.5,11.8,2.832258064516129,99.42132818958392,4
75702,43.9,5.8,0.9304556354916067,96.58613445378151,1
81165,41.5,7.4,2.9082125603864735,97.37658309640734,1
66071,31.3,7.4,0.7421203438395415,11.301215668617736,2
76747,43.0,12.9,2.2485207100591715,94.6805702217529,4
103664,41.1,3.1,0.6158940397350994,8.934464875058934,3
101250,43.9,8.4,0.941952506596306,96.4230471771075,1
74543,44.2,22.7,1.999014778325123,97.68618944323933,4
94821,31.4,3.9,0.7905405405405406,14.387947269303202,2
75547,38.0,9.9,2.7433962264150944,99.56896551724138,10
63740,45.1,13.3,1.8083623693379791,98.46505551926845,1
70452,37.1,4.1,2.4017857142857144,99.75369458128078,2
100044,39.8,7.8,1.0033030553261768,26.449503207143753,9
84972,39.1,7.8,0.5971039182282794,97.36712598425197,2
98125,34.8,8.3,1.2561728395061729,99.78659837814767,2
93537,35.5,8.7,0.4820675105485232,26.506024096385538,4
80385,45.1,4.7,0.6935483870967742,93.6282151208106,6
55406,46.4,12.5,1.4783653846153846,99.34829833454019,1
79075,45.4,12.8,2.5532544378698225,97.34785036292574,3
71822,39.0,11.6,0.8178807947019867,88.69597340229036,2
93692,35.7,25.8,0.7922437673130194,25.726744186046513,5
60398,34.1,12.3,1.5478260869565217,98.67509786208973,2
92500,35.0,6.7,0.493006993006993,14.087759815242496,1
55529,36.1,14.1,0.5705329153605015,83.11071534579995,3
96357,37.8,9.2,0.408,14.158918005071852,6
51520,47.6,14.8,8.052208835341366,5.223193741371379,1
77161,48.5,4.1,1.1309987029831388,16.676540284360186,1
71464,40.1,19.9,1.418230563002681,88.98809523809523,3
73536,41.2,15.4,0.3993775933609959,90.46575342465754,1
84242,48.4,12.5,0.6994633273703041,68.76971608832807,1
89570,40.3,6.0,0.7601626016260162,10.383424624910697,4
71433,43.7,5.4,1.2409240924092408,82.73512039981826,3
74148,36.1,11.9,1.7155555555555555,75.20422873618453,2
67625,35.2,17.5,1.1027777777777779,83.41988130563797,1
76181,39.7,7.0,0.5804953560371517,16.502211636611097,5
54750,39.3,17.5,1.5263157894736843,65.65747853592408,1
85455,40.1,7.1,0.4912621359223301,14.637002341920379,3
78413,28.3,13.2,1.6586538461538463,92.01730239874163,1
56458,29.7,31.0,5.38,91.76136363636364,3
68725,32.2,13.0,3.0357142857142856,84.98531571218795,2
112708,38.9,7.5,0.3355263157894737,10.535543512910428,2
88286,29.3,10.7,4.219354838709678,93.84136113108076,3
77904,32.5,20.3,3.9902912621359223,97.61506276150628,5
75521,34.7,14.7,1.714064914992272,87.65622805785705,3
97946,46.5,9.3,0.25732899022801303,9.767625049231976,2
99950,37.9,20.7,0.7252336448598131,20.733173076923073,1
123864,40.5,7.7,0.34408602150537637,10.077984403119377,3
111563,32.3,3.8,2.6549295774647885,99.4503337259521,4
57784,32.8,28.8,11.083333333333334,86.50241028387788,1
58512,39.0,11.6,1.7455197132616487,99.61430575035062,2
71283,32.5,22.0,6.323170731707317,97.81376518218623,5
131761,42.5,8.6,0.10412147505422993,26.171428571428567,3
34457,35.4,15.6,5.503496503496503,96.76293240241193,2
75385,31.4,15.4,2.339622641509434,99.7589780670041,2
85063,45.3,9.5,0.5359408033826638,25.943916979465666,2
95159,35.8,6.0,20.0,87.94326241134752,4
88893,40.7,8.4,4.9010989010989015,92.84475281873374,6
79558,30.9,17.0,26.09375,100.0,6
93182,35.7,18.1,2.921259842519685,98.22621515779775,2
98750,38.4,8.5,1.7516339869281046,100.0,2
70104,32.5,12.0,5.126760563380282,98.43268961656871,1
64568,36.8,19.5,1.2365384615384616,98.7012987012987,3
71932,34.8,28.2,3.876777251184834,98.84782608695653,4
65112,36.6,18.4,2.3840399002493764,92.54426840633737,4
77445,46.7,6.3,0.30597014925373134,15.809818322381142,1
52007,36.6,23.1,3.5585585585585586,89.85890652557319,2
74205,39.6,16.2,2.683982683982684,91.39847864248098,1
61649,35.5,10.5,0.9629963898916968,94.8411214953271,2
69919,35.4,20.9,2.2540192926045015,93.70520411343097,8
56518,31.9,10.2,1.7121588089330024,49.52333166081284,2
26172,39.1,24.6,13.621052631578948,93.20053120849934,2
60654,40.7,13.7,1.903765690376569,88.45592831839967,5
42521,34.6,25.1,2.762541806020067,76.19888944977285,2
52653,38.9,17.8,5.317460317460317,66.57007376185457,8
44700,35.6,30.5,5.981981981981982,80.49904030710174,6
65227,35.0,17.1,2.1241379310344826,92.73104880581516,1
137109,32.8,7.0,1.1742857142857144,95.20958083832335,2
65610,42.0,18.9,1.4544138929088277,89.83934905069894,2
75033,33.2,21.2,inf,61.97995529598385,1
80380,38.0,4.8,1.0539772727272727,84.06200317965023,2
78104,35.4,7.4,1.6467532467532469,99.95031055900621,1
67267,34.2,12.3,3.462962962962963,82.0738137082601,7
69750,34.7,11.1,3.464968152866242,99.51651893634165,4
56062,40.8,7.9,2.6064981949458486,79.60190820858693,9
70451,34.5,9.8,3.483050847457627,96.21674395899439,1
76833,31.1,11.3,3.3102040816326532,99.80327868852459,7
71538,37.4,16.0,2.548223350253807,75.57220141489805,4
81280,40.7,15.2,0.5835913312693498,82.50134192163178,6
67381,35.2,10.8,3.341614906832298,96.69634025717112,3
78646,40.7,14.9,4.153846153846154,98.45949535192563,2
65833,44.1,20.3,0.7978339350180506,97.37978692772819,1
55068,42.5,10.1,4.604477611940299,99.82946066936688,1
116101,52.3,4.6,0.854421768707483,74.45490584737364,2
65538,40.0,5.7,1.406926406926407,99.09235307465396,3
79631,38.1,10.4,2.628691983122363,98.72671987837323,4
39962,56.7,21.6,0.2571810287241149,90.39073806078147,2
91483,41.7,6.6,1.015,55.66787003610108,3
79796,36.2,10.7,2.7449392712550607,96.57801118075555,3
92984,47.7,7.0,0.3567251461988304,97.17894736842105,5
69063,39.6,12.3,3.006550218340611,97.93476712718986,5
70766,52.7,10.8,1.0858585858585859,67.70833333333333,1
69556,37.9,15.3,1.4205298013245033,99.54086317722681,1
86250,35.6,9.4,2.938650306748466,100.0,2
77014,35.3,6.6,0.6527777777777778,73.44406643986392,4
73362,35.9,11.7,1.1099476439790577,98.42366659468797,2
56600,39.0,17.6,0.9624060150375939,98.28536436007347,1
66992,41.3,8.6,15.3125,36.75590551181103,1
71950,43.6,19.4,0.7165532879818595,100.0,1
63125,37.2,19.1,1.2822384428223845,98.42321034374014,6
100809,51.0,9.0,0.14072229140722292,58.9086127547666,2
63250,41.2,5.8,0.9447852760736196,99.77585654819084,2
80290,35.5,8.1,1.46,99.15441176470588,1
80513,37.3,5.3,11.37984496124031,30.99173553719008,4
84233,44.5,9.7,0.3286118980169972,21.821889870836163,1
82703,48.3,8.3,1.0238095238095237,100.0,1
73333,40.3,12.4,0.6836734693877551,11.503416856492032,3
107601,38.6,15.7,0.2513812154696133,27.817622950819676,1
115000,35.2,7.7,0.19223985890652556,25.628140703517587,5
100864,39.3,2.9,0.4665809768637532,99.4199535962877,1
111750,39.5,8.2,0.4316546762589928,23.63060208239022,1
118587,45.2,6.7,0.8052256532066508,99.74066390041494,4
82426,40.8,7.6,0.42168674698795183,16.71270718232044,1
106150,43.6,8.1,0.6928746928746928,97.86693753174201,4
107135,37.6,11.9,0.2457627118644068,17.679814385150816,1
76827,40.0,8.9,0.725531914893617,96.93203883495146,4
89051,44.0,3.9,0.41187384044526903,20.906492445896284,3
84113,41.7,7.1,0.49854227405247814,24.71910112359551,4
125938,37.1,5.2,0.1717902350813743,18.468795355587808,1
62143,48.0,7.7,1.0585516178736518,99.93753903810119,5
88802,36.4,7.5,0.2613168724279835,22.9431721798134,1
127000,42.9,2.0,0.2808988764044944,12.889314805941543,3
88585,34.4,8.2,1.640893470790378,95.5117929929013,5
60329,39.7,14.6,0.5827250608272506,51.3821962972356,2
81439,43.9,11.1,0.24753974261922787,71.5056664867782,4
59980,35.9,12.2,4.025547445255475,99.41317684715925,3
111641,29.8,11.5,4.857707509881423,95.82071471835252,5
103333,42.1,8.4,0.2653061224489796,78.92394822006472,1
89283,32.1,13.8,23.734375,96.43103448275863,9
81000,34.0,16.8,11.926829268292684,90.99590723055935,9
66357,41.0,7.6,1.124731182795699,89.96655518394648,2
84315,29.9,12.6,9.935483870967742,96.2336418767954,2
75917,37.6,12.9,2.720812182741117,91.5129151291513,4
122357,44.1,7.5,0.22164048865619546,88.95966029723992,1
86346,33.6,10.1,4.786885245901639,95.1055900621118,8
80536,52.2,9.6,0.3220338983050847,89.025069637883,1
77188,32.6,17.7,2.5408163265306123,93.26424870466322,1
118319,33.1,4.0,1.250936329588015,94.99165275459099,2
70938,49.4,22.4,0.6153846153846154,70.92768444119795,3
107540,37.6,4.9,0.763215859030837,95.95654797827399,3
106354,46.9,6.2,0.5494505494505495,39.01244643950215,3
83438,37.3,13.9,2.6064356435643563,99.80276134122288,8
74085,37.7,7.2,1.767816091954023,96.2369337979094,3
116369,37.4,5.2,0.2545304777594728,31.915667030170848,1
103774,36.2,8.3,3.0558823529411763,96.40670747937183,4
86667,36.2,9.9,3.961194029850746,95.75205895101864,6
98016,41.5,6.5,3.393835616438356,97.20779220779221,2
75089,33.5,20.8,13.553846153846154,97.80674529277881,7
72671,38.3,14.2,3.430583501006036,96.7179294823706,2
78462,36.4,16.3,2.557142857142857,97.78857837181046,5
75250,37.9,17.9,1.970873786407767,98.83792048929664,2
59386,31.0,18.8,2.6857142857142855,99.472049689441,3
88913,52.5,5.2,0.045283018867924525,22.092267706302792,1
103203,35.0,4.1,0.5255681818181818,8.051082731815661,1
84125,43.9,14.5,0.7619047619047619,96.96342305037957,1
88750,39.4,11.9,1.0610687022900764,98.68131868131869,3
90938,36.4,17.8,0.9742120343839542,100.0,4
130208,41.9,6.4,0.24316939890710382,8.785046728971968,1
72055,36.9,11.6,3.464467005076142,96.50887573964498,5
96587,41.5,3.6,0.2849462365591398,21.890547263681594,1
82500,33.6,13.7,1.3214285714285714,98.6169912503528,5
87955,39.5,6.8,1.6210526315789473,92.99050114641337,2
115347,52.3,6.2,0.14013840830449828,10.866372980910421,1
74432,39.5,7.0,1.361038961038961,96.26459143968872,4
111659,38.3,4.1,0.11964735516372796,16.199064796259186,1
76447,41.9,3.2,0.8217821782178217,99.8951048951049,3
94055,33.9,8.1,2.7384615384615385,97.84234752589182,3
120764,39.9,4.9,0.0859375,6.314127861089192,4
101548,36.1,2.3,0.9691119691119691,94.68215158924205,1
105125,45.7,8.1,0.37444279346210996,99.19354838709677,1
99611,44.4,16.1,0.33298429319371725,99.22992299229924,3
116859,43.8,10.7,0.12836438923395446,14.22535211267606,2
113409,37.4,6.4,0.8280701754385965,88.76582278481013,2
92313,40.5,14.8,0.8098591549295775,95.6243854473943,2
101500,35.0,10.1,0.6200345423143351,31.44358407079646,5
103438,48.6,3.6,0.6377440347071583,29.81818181818182,2
84327,45.2,3.1,0.7880597014925373,99.3006993006993,3
110882,51.7,3.7,0.6276083467094703,99.2798353909465,3
118333,47.1,2.2,0.17882352941176471,99.45652173913044,1
82356,45.2,6.2,0.8140350877192982,99.55654101995566,1
117500,39.5,12.3,0.5776173285198556,99.70566593083149,1
95208,35.2,8.7,1.2027027027027026,100.0,2
114764,47.4,6.5,0.12560975609756098,100.0,2
115250,50.0,4.5,0.2071917808219178,100.0,1
60840,43.0,12.9,3.844875346260388,96.49875762367292,5
128571,43.0,4.5,0.2453416149068323,6.829440905874029,2
92656,41.3,6.3,0.39920948616600793,16.542750929368033,3
66354,47.9,13.1,1.0573248407643312,93.26449190330908,3
68566,48.5,6.4,1.8601398601398602,99.06724511930585,4
127019,35.9,3.2,0.706605222734255,18.213296398891966,1
72125,38.7,6.3,3.2073578595317724,97.02209414024976,8
105708,40.7,6.8,0.8412438625204582,17.100475790652116,1
116125,53.2,13.3,0.9221967963386728,95.65577161770791,1
101168,36.7,7.8,5.988188976377953,94.39461883408072,2
84991,42.4,12.0,0.3884514435695538,96.17080529125087,2
91278,45.1,9.0,0.6802218114602587,99.85808893093662,1
108616,47.4,2.3,0.2543859649122807,98.94776399849681,1
109595,36.2,10.0,0.903010033444816,97.28813559322033,1
102734,46.9,5.2,0.6076158940397351,97.7994705493051,5
98155,44.3,5.8,1.599009900990099,97.49500816845162,3
100199,45.1,12.7,0.9829652996845426,99.66101694915255,2
81458,38.9,14.1,3.571641791044776,87.3002034292357,1
55526,40.0,18.7,1.1592760180995476,96.6886134779241,6
99719,43.9,13.0,0.7577586206896552,96.68769716088327,2
98207,39.8,7.1,0.5411415863602669,98.72873434286782,1
127292,48.1,6.0,0.1642156862745098,100.0,1
159279,39.7,3.8,0.31346578366445915,100.0,4
117568,46.4,5.0,1.7281553398058251,99.11668991166898,7
76063,41.8,8.0,1.0641975308641975,95.727569741141,5
111744,46.4,4.0,0.6398104265402843,96.49122807017544,6
99122,46.5,4.8,0.9810387469084914,97.04804560260585,3
113042,32.6,4.3,3.7950819672131146,99.83935742971887,1
100750,47.5,5.5,2.4527027027027026,96.93165969316597,3
102581,37.6,15.2,0.5996457041629761,93.34907516725698,1
104840,35.0,5.6,1.2287234042553192,96.67860631716053,7
81269,38.0,10.2,0.5637663885578069,93.61763022323983,6
71136,30.7,19.0,4.3428571428571425,86.82042833607908,2
98750,34.7,6.0,0.5447154471544715,34.65553235908142,5
94185,40.5,10.4,0.9739336492890995,41.61073825503355,1
74474,42.5,8.0,0.6397748592870544,41.72932330827067,1
62070,42.0,29.1,2.590909090909091,99.6423658872077,3
48750,39.1,36.3,2.1016949152542375,99.96860282574568,3
54528,35.4,11.3,1.3687635574837311,98.80636604774536,1
60014,36.9,10.7,0.34031681144609094,93.84710234278668,2
136667,40.3,15.1,0.25842696629213485,63.072661410611545,3
96773,32.8,10.6,0.5158959537572254,70.42115572967678,6
58386,43.5,13.4,0.6702470461868958,98.2091982091982,1
103254,40.2,4.9,0.45578851412944393,91.40116478245974,5
102304,44.3,10.0,0.26979100696643443,86.79062023033161,8
32529,53.5,28.0,8.76555023923445,88.2317562149158,2
60583,47.5,18.9,9.353535353535353,100.0,3
35737,49.8,15.9,1.5520408163265307,98.35205992509364,2
56078,49.9,17.8,2.722334004024145,98.23441021788129,3
56388,51.5,17.9,1.1753554502369667,99.87341772151899,5
41146,54.8,30.5,1.4875776397515528,94.05137449301488,1
131111,40.2,15.6,0.496,93.91592920353983,2
51397,49.1,15.3,4.125279642058166,97.99111862973145,4
55278,39.7,16.8,6.357142857142857,98.77264757451782,8
46841,39.2,22.5,3.6627906976744184,90.4997748761819,9
102727,48.3,6.6,0.3699875981810666,96.29469590580102,3
39599,48.2,21.7,1.9417596034696407,95.60541442610791,3
157845,46.1,3.4,0.10380761523046092,100.0,7
134563,50.1,3.9,0.03232323232323232,99.77192093258996,1
101895,50.3,9.4,0.8393782383419689,94.71894020766202,2
65625,40.5,19.5,1.994609164420485,99.72390944229707,6
100063,37.0,2.6,0.9540034071550255,99.66003525560312,3
110875,41.3,12.9,0.6670454545454545,98.76303662381761,2
110625,40.6,12.6,0.7825059101654847,94.08038976857492,2
72981,50.1,13.6,2.505357142857143,92.60383083633606,12
91683,32.8,7.9,0.9716684155299056,96.74425680815457,2
76373,41.1,22.1,3.5918367346938775,64.91812378573411,4
54637,33.9,26.6,1.4673008323424495,64.5402103834408,6
67038,54.2,11.8,1.7540056550424128,81.7741935483871,2
70729,48.9,10.1,0.3959445037353255,99.90108803165182,3
84375,34.2,12.2,1.1893491124260356,99.91738950846758,1
82694,34.6,13.6,1.0010504201680672,48.02877697841726,2
104737,40.4,15.0,0.5752577319587628,40.01079185215163,1
27115,25.3,44.2,inf,16.36690647482014,1
73207,43.7,9.1,2.1788413098236776,32.385016595542915,3
23638,23.7,54.6,inf,41.142693080677574,1
102857,46.9,10.6,0.23053892215568864,100.0,5
98269,47.8,10.7,0.5,97.98937784522003,3
33727,36.6,40.1,3.327027027027027,51.770694997786634,4
92141,54.9,6.7,0.42051086542127336,98.34609075997814,2
139844,49.9,6.1,0.20467185761957732,99.68279143536876,1
69621,41.8,14.5,2.8679245283018866,43.24679592507395,4
46645,39.5,22.3,13.355670103092784,39.22434953362789,1
47271,31.3,14.8,0.8624595469255664,54.79041916167664,6
53222,23.0,13.7,1.3575197889182058,92.07234617985125,1
68707,38.5,17.5,7.34375,80.16919631749191,1
41429,41.0,20.4,2.566617862371889,60.801041064198955,4
112790,46.4,6.5,0.08834080717488789,99.72371673694926,3
86114,49.2,7.5,0.8614457831325302,98.87578831916643,3
61229,26.2,27.8,4.161643835616438,51.445783132530124,5
85561,26.9,9.7,2.3590551181102364,82.22467230184981,4
97227,48.8,8.1,0.5772442588726514,97.29265148259562,1
75957,38.8,6.6,0.8428571428571429,100.0,2
69559,50.8,11.1,0.7092241905925474,99.94302805868111,4
103125,45.3,6.1,0.04736024844720497,99.60707269155206,1
103333,49.2,9.1,0.2995658465991317,96.99084169210641,3
68859,53.4,3.5,0.4949053857350801,98.1651376146789,1
121250,45.2,2.1,0.5299539170506913,99.31506849315068,2
100176,42.0,4.7,0.3648936170212766,99.726609963548,4
97917,33.9,10.0,2.945945945945946,97.13518352730529,7
95521,47.7,2.4,0.4500875656742557,99.46611909650925,2
87687,40.1,12.6,1.1810344827586208,97.62845849802372,3
130000,52.3,3.3,0.17886178861788618,100.0,1
83182,47.3,14.3,1.3506493506493507,100.0,1
60354,47.8,13.4,1.4840116279069768,98.8293139779911,1
35545,45.0,22.2,5.498069498069498,95.73677306515084,3
64671,43.5,33.7,3.6145454545454547,96.38644918444166,2
55257,39.4,22.5,3.7983870967741935,99.3091537132988,3
74563,45.0,14.4,1.515068493150685,98.09870550161813,3
77500,40.2,9.6,0.8143459915611815,98.60557768924303,4
51825,44.1,7.6,1.9865771812080537,100.0,1
41657,49.8,17.4,1.020964360587002,100.0,3
69583,48.1,16.4,1.4482758620689655,97.2027972027972,1
27838,46.0,23.8,2.6328125,98.40406238665216,2
104779,49.9,5.7,0.28172942817294283,99.1875203119922,2
95856,40.4,8.8,0.7786561264822134,97.52946509519492,3
91787,46.6,4.9,0.36419753086419754,98.24407374890255,2
25275,39.2,37.9,9.553571428571429,66.68134448847792,1
69417,38.1,7.1,1.5477338476374156,85.19873201658132,3
78250,43.2,7.8,1.0972375690607734,88.54166666666666,1
87664,43.6,13.3,0.4737384140061792,89.13153885220925,5
80826,47.0,12.5,0.9900793650793651,87.69853628153224,2
141964,42.0,4.4,0.31388329979879276,96.05,1
96250,20.0,23.7,0.36590038314176243,84.60034752389227,2
140924,52.6,3.3,0.10091743119266056,87.2420262664165,4
132337,39.4,5.0,0.04995693367786391,97.34513274336283,1
74500,44.9,10.8,0.3337792642140468,98.28982898289829,2
100893,42.8,5.5,0.35763622409823487,98.2220196033736,2
81452,57.2,5.6,0.14947683109118087,75.50025654181631,2
129211,43.3,5.3,0.39727361246348586,98.69412355600201,2
114250,42.4,9.0,0.004796163069544364,99.55156950672645,1
88938,46.8,6.1,0.6428571428571429,97.29360306178239,3
85816,38.3,14.2,13.141843971631205,86.19029988893003,1
105348,50.0,4.4,0.48785046728971965,93.95826845219558,3
108219,41.5,4.6,0.557347670250896,93.65384615384616,1
100865,48.2,9.1,0.44692737430167595,99.7564935064935,1
71303,48.2,21.4,0.18829707426856715,97.53947098626205,1
82159,43.7,2.2,0.2834274952919021,100.0,1
116900,41.0,3.8,0.20202020202020202,99.87394957983193,3
95069,38.0,15.3,0.5485362095531587,78.3356449375867,1
81339,46.9,7.8,0.47649918962722854,99.62630792227205,1
99612,46.3,6.6,0.37302725968436157,100.0,2
79763,38.9,4.1,0.8294849023090586,95.63409563409564,2
102385,44.7,6.3,2.8767908309455588,97.31922398589066,1
98533,45.6,10.7,0.62322695035461,98.94058037770613,2
106563,49.7,5.0,0.32723358449946177,97.34923790589795,2
94250,50.0,12.9,0.34690265486725663,93.78713291461551,2
117828,53.0,2.0,0.30095621540010065,99.39053728949479,1
138698,48.2,7.9,0.6530898876404494,93.71051908816258,3
102465,48.3,7.0,0.4596633778293674,97.9296553346665,3
119196,41.0,3.6,0.5217391304347826,97.95724465558195,1
103611,44.0,4.6,0.1066079295154185,99.21607055365017,1
130250,41.6,1.3,0.3859020310633214,98.24771963514164,1
132816,44.5,6.9,0.19858156028368795,88.77364246491763,3
74258,39.1,21.4,2.7781818181818183,85.80046403712296,4
41211,51.0,22.1,1.2495697074010328,85.13713862120089,5
64452,33.9,17.5,4.476470588235294,44.141392101243724,3
100449,44.5,6.6,0.3129548762736536,98.18585708996667,6
62237,43.0,11.3,2.122529644268775,77.85340314136126,1
73380,34.2,30.5,1.265748031496063,69.57528957528957,3
63558,43.0,12.9,1.0160771704180065,78.93783946891973,6
79333,47.3,6.1,0.7409879839786382,94.44081098757357,3
47926,38.1,30.2,4.5479452054794525,74.98955286251568,17
33203,41.8,55.4,3.707692307692308,89.02575587905936,3
55339,33.7,32.3,2.3592057761732854,40.72072072072071,8
88155,35.3,8.7,0.5336538461538461,93.88418998048145,1
59732,47.0,4.7,0.5390946502057613,59.767779390420905,1
120893,35.3,5.6,0.5156739811912225,82.06185567010309,1
76997,37.3,11.0,0.34872761545711595,95.32484635645304,6
90171,37.0,4.8,0.5025252525252525,95.43594586087504,2
63462,44.8,13.1,0.8526645768025078,93.67601246105919,7
139125,35.7,7.2,0.5083870967741936,93.59406608226568,4
74375,46.4,6.9,0.21420256111757857,98.85097493036211,2
91509,42.0,10.5,0.31865671641791044,94.08115358819585,2
73678,42.4,15.1,0.5950128976784179,93.73741441804269,1
108836,39.2,16.0,1.0018281535648994,80.75396825396825,2
89767,30.5,13.4,1.261603375527426,53.021838496698834,4
78031,47.8,17.3,0.9106145251396648,75.18326865028028,2
103942,44.8,6.1,0.8067039106145252,99.73878972572922,3
76894,38.7,3.7,0.8122555410691004,98.99289099526067,4
112896,36.9,3.7,0.6428571428571429,63.68274582560297,1
90833,33.6,18.5,0.9624413145539906,81.74753601213041,2
110025,41.5,4.7,0.3597335307179867,100.0,5
76068,41.3,13.4,0.3044280442804428,94.74962063732929,6
83098,37.4,16.5,0.9403409090909091,76.8369690011481,2
96792,45.0,3.7,0.3057324840764331,99.20751394188436,2
160625,47.9,1.4,0.02288135593220339,98.56687898089172,4
107989,38.1,5.1,0.24543795620437955,98.45444059976933,4
120833,39.2,11.9,0.5835777126099707,82.25806451612902,4
84137,40.4,6.5,0.38077969174977333,99.33235969121635,1
62276,46.2,12.1,1.5997770345596432,96.93932342938966,1
126114,41.8,4.8,0.29374275782155274,99.11276473955351,1
102587,42.4,7.1,0.5167620605069502,99.64,5
111077,27.6,29.6,1.6456692913385826,49.23371647509579,6
76979,39.3,24.3,0.4032258064516129,84.24750067549311,7
141115,49.5,4.3,0.08326143226919758,100.0,2
64451,39.6,21.0,1.0422264875239924,82.99242424242425,1
125944,44.6,4.0,0.3512328767123288,100.0,6
129712,44.4,7.3,0.17899543378995433,99.9476302697041,2
92123,41.5,6.7,0.26345609065155806,99.19803600654664,5
119500,39.0,11.5,0.297628156082632,99.9187982135607,6
130272,46.7,6.2,0.07394366197183098,100.0,1
111004,55.5,3.5,0.4300184162062615,95.70641137220773,3
116645,41.2,1.7,0.23533163265306123,99.34628975265018,8
131658,41.1,3.0,0.226468910439247,98.13466787989081,5
136010,40.9,9.6,0.1623246492985972,99.86037419715163,1
97262,41.2,9.3,0.18169014084507043,100.0,3
143880,29.3,1.1,0.29843561973525873,99.54841946813848,5
113529,40.5,3.7,0.2647702407002188,99.33458099396965,5
126607,45.1,9.7,0.2602040816326531,99.54176213288898,3
91849,45.1,2.8,0.18615107913669066,97.94091316025067,1
41993,40.3,12.0,1.9969788519637461,87.21518987341771,2
175865,37.0,3.7,0.11152694610778444,95.74081550262414,2
99106,52.6,15.8,0.45871559633027525,94.96890898812889,3
123750,36.0,7.7,0.2718631178707224,93.96596183599793,3
94464,39.0,8.8,0.47473560517038776,96.41398093508852,1
118413,47.6,6.0,0.25961538461538464,93.65711252653928,1
147513,43.2,1.5,0.17445917655268667,94.3580886586068,8
102778,28.9,23.4,0.23460410557184752,99.23821615616569,1
122321,41.1,6.2,0.4380504991192014,98.97086340550655,3
127721,34.3,11.9,0.4091880341880342,97.21492380451919,4
59452,34.4,13.0,1.1051546391752578,49.93990384615385,1
32070,35.2,40.1,1.4747191011235956,77.85425101214575,9
91379,44.1,3.5,0.22413793103448276,99.22856117689271,1
90478,38.3,5.9,0.3469079939668175,99.9293036408625,2
79938,36.3,18.8,0.8408551068883611,78.50414468726451,7
59129,38.4,24.1,0.34959349593495936,73.82256297918948,2
117903,38.4,3.9,0.24611260053619302,99.92768296210586,3
87837,34.6,11.8,0.4867886178861789,72.21775813579751,3
87438,35.1,14.0,0.3134872417982989,85.67582121701669,5
123626,45.8,5.0,0.27811044577511645,100.0,2
129904,43.3,2.1,0.24179743223965763,99.96000000000001,1
81679,33.5,10.7,0.5996131528046421,73.12633832976445,4
131146,38.4,6.6,0.18711018711018712,99.84183471727955,11
120156,39.8,4.4,0.2612074118350269,95.26509347226478,1
110625,48.2,9.6,0.2830025884383089,96.61378167179731,2
70772,44.8,13.2,0.3670465337132004,99.39749729646222,4
73750,41.2,21.2,0.2979683972911964,95.56354916067147,6
141250,54.3,10.9,0.21083172147001933,98.04900181488203,1
99458,37.2,7.5,0.125,99.51830443159922,6
107292,48.6,6.9,0.3419889502762431,97.76,5
111276,35.4,7.3,0.4215600350569676,95.32790398628376,3
111700,40.6,3.1,0.4759825327510917,97.61622992392222,2
98535,37.9,14.1,0.24849578820697954,74.59993724505804,8
75057,35.1,22.8,0.8031854379977247,48.70374035226598,1
88558,42.8,4.9,0.3709677419354839,62.0476610767873,2
